ID_ALIAS,ID_LOCALIZACION_COMPRA,necesita_reposicion,cantidad_a_reponer,pred_necesita_reposicion,probabilidad_reposicion,pred_cantidad_a_reponer,acierto_clasificacion,error_cantidad_abs
183,6570,0,0.0,1,0.32312814880012675,216.00005358443534,False,216.00005358443534
142,229,0,0.0,0,0.023353272778906958,0.0,True,0.0
236,2939,0,0.0,1,0.31645191549218804,683.4319944387665,False,683.4319944387665
177,2987,0,0.0,1,0.35603344714438817,59.296072355893834,False,59.296072355893834
232,12790,0,0.0,0,0.157119359453283,0.0,True,0.0
121,3875,0,0.0,0,0.030184154004847304,0.0,True,0.0
135,145,1,32.0,1,0.7506865569993159,132.06518390694444,True,100.06518390694444
179,1644,0,0.0,1,0.2756713017499263,24.05906777202684,False,24.05906777202684
137,3681,0,0.0,0,0.0986356050555849,0.0,True,0.0
225,2394,0,0.0,0,0.07851967190122798,0.0,True,0.0
138,9241,0,0.0,0,0.19907193415088112,0.0,True,0.0
147,8369,1,4800.0,0,0.11564914952431475,0.0,False,4800.0
216,12822,0,0.0,0,0.011989636256854327,0.0,True,0.0
202,2097,1,256.0,0,0.1964558977530215,0.0,False,256.0
243,5578,1,240.0,1,0.8332018775971776,426.63354949359183,True,186.63354949359183
127,12666,0,0.0,1,0.5505190332510769,1434.862158565137,False,1434.862158565137
211,7807,0,0.0,0,0.06401855711794321,0.0,True,0.0
243,6540,0,0.0,0,0.034177544030988834,0.0,True,0.0
145,13679,0,0.0,0,0.07624045769454116,0.0,True,0.0
134,3590,0,0.0,0,0.16719526624069556,0.0,True,0.0
230,7224,0,0.0,0,0.11689812563605007,0.0,True,0.0
236,12454,0,0.0,0,0.24300643786047038,0.0,True,0.0
125,3639,1,480.0,1,0.2705515619683924,483.6798678932507,True,3.679867893250673
120,3137,0,0.0,0,0.08780285398378745,0.0,True,0.0
221,2265,1,16.0,1,0.5539367312818128,31.838014143068072,True,15.838014143068072
122,1359,0,0.0,0,0.13143523817825697,0.0,True,0.0
221,12367,0,0.0,1,0.2893150183742871,31.089553163651473,False,31.089553163651473
130,102,0,0.0,0,0.23896603881431724,0.0,True,0.0
253,5334,0,0.0,0,0.09347285327522274,0.0,True,0.0
221,13857,0,0.0,1,0.2774520480844061,28.604716809296043,False,28.604716809296043
139,3190,0,0.0,1,0.3501876412056313,810.3620517666756,False,810.3620517666756
131,379,0,0.0,0,0.16742213735292372,0.0,True,0.0
121,3147,0,0.0,0,0.15746775931688778,0.0,True,0.0
124,39,0,0.0,1,0.2806500640551614,171.0257784554182,False,171.0257784554182
224,7169,0,0.0,0,0.09132131922438175,0.0,True,0.0
130,3316,0,0.0,0,0.1563320764312487,0.0,True,0.0
146,13545,0,0.0,0,0.12965717541943686,0.0,True,0.0
252,5021,1,160.0,0,0.18049102355769414,0.0,False,160.0
129,3316,1,16.0,0,0.2313957369843529,0.0,False,16.0
137,3845,0,0.0,0,0.06506444735385442,0.0,True,0.0
221,2472,1,24.0,1,0.8311355766465655,62.12047187853663,True,38.12047187853663
144,12372,0,0.0,0,0.03965088550748974,0.0,True,0.0
238,12740,0,0.0,1,0.45471857735766813,489.468615921607,False,489.468615921607
221,10202,1,30.0,1,0.5516368692767275,31.089553163651473,True,1.0895531636514733
180,1859,0,0.0,1,0.28772437204406737,17.266342487835043,False,17.266342487835043
129,3047,1,64.0,1,0.2615374360077106,83.57941458909156,True,19.579414589091556
245,14988,0,0.0,0,0.07744421047450793,0.0,True,0.0
241,6885,0,0.0,1,0.42205746269177763,3891.9011854528644,False,3891.9011854528644
141,12479,0,0.0,0,0.05034121393515292,0.0,True,0.0
139,9149,0,0.0,0,0.12401276328533371,0.0,True,0.0
147,8471,1,480.0,1,0.2546577235737648,236.60792429261878,True,243.39207570738122
236,7981,1,480.0,1,0.3312697558559495,379.6216034529708,True,100.37839654702918
140,56,0,0.0,0,0.1241378864830851,0.0,True,0.0
124,3189,0,0.0,1,0.4030423388086668,93.17747159043577,False,93.17747159043577
215,2425,0,0.0,0,0.05582214998712332,0.0,True,0.0
156,12840,0,0.0,0,0.13857162472366802,0.0,True,0.0
162,12057,1,150.0,1,0.5213968372862208,444.0883177537223,True,294.0883177537223
145,8076,0,0.0,0,0.054004906844884286,0.0,True,0.0
122,251,0,0.0,0,0.13277933769188696,0.0,True,0.0
242,2852,0,0.0,0,0.1504695893545486,0.0,True,0.0
129,3400,0,0.0,0,0.1545938958411631,0.0,True,0.0
139,21,0,0.0,0,0.05630081222446995,0.0,True,0.0
176,1746,1,240.0,1,0.6420881853741199,270.1729665746587,True,30.172966574658687
238,16464,0,0.0,1,0.31918093011225734,158.90898408053462,False,158.90898408053462
250,13605,0,0.0,0,0.17403281329561857,0.0,True,0.0
165,1766,0,0.0,0,0.07848994542242839,0.0,True,0.0
127,3471,0,0.0,1,0.6133934591853337,644.8377676671278,False,644.8377676671278
143,8240,0,0.0,0,0.12084289748579766,0.0,True,0.0
252,10504,0,0.0,0,0.04746237309329672,0.0,True,0.0
218,7163,0,0.0,0,0.05876370623951229,0.0,True,0.0
131,115,0,0.0,0,0.06332974706204954,0.0,True,0.0
139,3481,1,2000.0,1,0.36045534985620575,2265.382511716513,True,265.3825117165129
214,2418,0,0.0,0,0.053819354883055545,0.0,True,0.0
231,2823,0,0.0,0,0.11579063247269886,0.0,True,0.0
229,12239,0,0.0,0,0.057763839257716144,0.0,True,0.0
145,12899,0,0.0,0,0.06857909995563921,0.0,True,0.0
239,11574,0,0.0,0,0.1696376295571131,0.0,True,0.0
240,2940,1,36.0,1,0.32575822925437453,148.09333204859487,True,112.09333204859487
212,6338,0,0.0,0,0.1965956076905461,0.0,True,0.0
145,10906,0,0.0,0,0.08927066859958091,0.0,True,0.0
169,1736,1,800.0,1,0.4812808360378142,259.5678481106849,True,540.432151889315
247,916,0,0.0,1,0.26207626457199884,521.1987507365916,False,521.1987507365916
135,3406,1,64.0,1,0.49679026766128964,153.4984973724352,True,89.4984973724352
134,11943,0,0.0,0,0.11358577751171656,0.0,True,0.0
147,8018,0,0.0,0,0.13654613304287383,0.0,True,0.0
192,1968,0,0.0,0,0.09212640362849712,0.0,True,0.0
228,7263,0,0.0,0,0.0242176707055371,0.0,True,0.0
131,14770,0,0.0,0,0.14657928873697204,0.0,True,0.0
123,14766,1,360.0,1,0.8752873785459235,178.57782810538396,True,181.42217189461604
135,3308,1,64.0,1,0.49679026766128964,153.4984973724352,True,89.4984973724352
241,12378,1,800.0,1,0.5785296939976927,1043.2067878024918,True,243.20678780249182
131,1430,0,0.0,0,0.1164727592293544,0.0,True,0.0
142,13644,0,0.0,1,0.36860162238857064,2855.051721109759,False,2855.051721109759
133,3518,1,160.0,0,0.24310003165899866,0.0,False,160.0
139,3166,0,0.0,0,0.10405105532653448,0.0,True,0.0
231,2928,0,0.0,0,0.14468582113005368,0.0,True,0.0
133,3436,0,0.0,1,0.28078568789783775,264.5504338274315,False,264.5504338274315
144,16350,0,0.0,0,0.05626005443218509,0.0,True,0.0
171,1883,0,0.0,0,0.23099820108146818,0.0,True,0.0
168,1525,0,0.0,1,0.2515028129270966,274.61824410458,False,274.61824410458
211,695,0,0.0,0,0.07908230890725824,0.0,True,0.0
227,16353,1,60.0,1,0.6586707496905254,135.04911962576904,True,75.04911962576904
184,1824,1,12.0,1,0.44182162831167504,9.02783191649922,True,2.9721680835007795
218,10252,0,0.0,0,0.0794436547418073,0.0,True,0.0
232,7270,1,1120.0,0,0.17233842653280548,0.0,False,1120.0
239,2863,1,3800.0,1,0.5462598896973877,5186.114201003341,True,1386.114201003341
231,12247,0,0.0,0,0.13561516828829806,0.0,True,0.0
243,12904,0,0.0,0,0.04944022229616755,0.0,True,0.0
144,696,0,0.0,0,0.045840964801075315,0.0,True,0.0
136,9244,0,0.0,1,0.2685068673882892,105.44652254075251,False,105.44652254075251
176,16007,1,240.0,1,0.4559165398261748,321.2309953020457,True,81.2309953020457
122,9060,0,0.0,0,0.1505350399643486,0.0,True,0.0
236,10823,0,0.0,0,0.24082746922581633,0.0,True,0.0
125,3219,1,960.0,1,0.4182905683035173,639.1651756639984,True,320.8348243360016
235,6760,0,0.0,0,0.05619438085955007,0.0,True,0.0
133,12389,0,0.0,1,0.39800998436547874,153.30469652170441,False,153.30469652170441
129,61,1,16.0,1,0.3182916545000985,140.74803046344016,True,124.74803046344016
253,6518,1,1920.0,0,0.1255351378336853,0.0,False,1920.0
145,13735,0,0.0,0,0.049870765582301115,0.0,True,0.0
232,4823,0,0.0,0,0.16094508827915613,0.0,True,0.0
180,1956,0,0.0,0,0.09366490452069234,0.0,True,0.0
131,3402,1,840.0,0,0.15322158488429363,0.0,False,840.0
252,16060,0,0.0,0,0.09245213063476895,0.0,True,0.0
134,3505,0,0.0,0,0.21609412528980104,0.0,True,0.0
229,16376,1,1140.0,0,0.12057564636544212,0.0,False,1140.0
240,7546,1,12.0,0,0.09602850081226565,0.0,False,12.0
252,5888,0,0.0,0,0.06350154420496629,0.0,True,0.0
122,3474,0,0.0,0,0.1383021627598746,0.0,True,0.0
124,3748,1,450.0,1,0.6057567506352954,244.37390993254007,True,205.62609006745993
121,9144,0,0.0,0,0.12764725400309507,0.0,True,0.0
134,3533,0,0.0,0,0.14746680499756734,0.0,True,0.0
131,3891,0,0.0,0,0.1119871163847833,0.0,True,0.0
140,3261,0,0.0,1,0.461278293852707,1421.150933370388,False,1421.150933370388
241,2715,0,0.0,1,0.3096785567498892,3940.6955327783194,False,3940.6955327783194
212,2282,0,0.0,0,0.16729410421080618,0.0,True,0.0
212,2260,0,0.0,0,0.09259932242318143,0.0,True,0.0
136,3464,0,0.0,0,0.19099307367807464,0.0,True,0.0
236,12791,1,720.0,1,0.2623210829202742,413.2444311466155,True,306.7555688533845
245,13554,1,200.0,0,0.22957535361230716,0.0,False,200.0
133,3826,1,64.0,1,0.7215599101774259,179.55235774389405,True,115.55235774389405
148,16796,1,240.0,0,0.208150784280795,0.0,False,240.0
135,3109,0,0.0,0,0.24990628660898112,0.0,True,0.0
237,12902,0,0.0,0,0.24296953826059997,0.0,True,0.0
124,13953,0,0.0,1,0.6101660358110079,213.63819865674313,False,213.63819865674313
202,6458,0,0.0,0,0.1964558977530215,0.0,True,0.0
253,5084,0,0.0,0,0.1021768467895402,0.0,True,0.0
244,5034,0,0.0,0,0.06418591671096219,0.0,True,0.0
147,8127,0,0.0,0,0.11638250362831282,0.0,True,0.0
227,7533,0,0.0,1,0.25625152949956387,70.67012124400487,False,70.67012124400487
251,5382,0,0.0,0,0.2281278798931985,0.0,True,0.0
227,7688,1,60.0,0,0.24949372154430202,0.0,False,60.0
135,9235,1,64.0,1,0.7506865569993159,132.06518390694444,True,68.06518390694444
234,2785,1,240.0,1,0.4029093995280427,306.2526236396257,True,66.25262363962571
173,12784,0,0.0,0,0.13997012262488046,0.0,True,0.0
224,11996,0,0.0,0,0.12237544731456396,0.0,True,0.0
224,7791,0,0.0,0,0.07436424870747597,0.0,True,0.0
120,1426,1,1500.0,0,0.08377361002320376,0.0,False,1500.0
247,6515,0,0.0,1,0.37910558941263683,89.22170597006367,False,89.22170597006367
240,2628,0,0.0,0,0.2144121312126054,0.0,True,0.0
165,1587,1,480.0,1,0.4810570286910675,126.1521929363046,True,353.8478070636954
215,2201,0,0.0,0,0.04733849599559404,0.0,True,0.0
253,16222,1,4800.0,0,0.1255351378336853,0.0,False,4800.0
202,16825,1,600.0,1,0.6663592130861393,172.18426691081552,True,427.8157330891845
208,16535,0,0.0,0,0.15238139388835728,0.0,True,0.0
140,3669,1,4000.0,1,0.6414443963623705,2391.607852738568,True,1608.392147261432
138,288,0,0.0,0,0.11100412681641365,0.0,True,0.0
249,10331,1,600.0,1,0.2751300604756359,947.5524695453098,True,347.5524695453098
185,1512,0,0.0,0,0.05255380128505625,0.0,True,0.0
147,8310,0,0.0,0,0.1018994450943407,0.0,True,0.0
188,1981,0,0.0,0,0.14955180743024213,0.0,True,0.0
224,7866,0,0.0,0,0.06105566225067516,0.0,True,0.0
221,7934,0,0.0,0,0.19771068387914634,0.0,True,0.0
228,7674,0,0.0,0,0.02526903740690601,0.0,True,0.0
148,8436,0,0.0,0,0.23820807768727398,0.0,True,0.0
176,1565,0,0.0,1,0.5114795513776533,262.4462318960678,False,262.4462318960678
136,16381,1,128.0,1,0.3117806250767863,273.85970583337183,True,145.85970583337183
172,1674,0,0.0,0,0.1480359353739214,0.0,True,0.0
170,12704,1,160.0,1,0.5287526713826689,126.69451796000864,True,33.30548203999136
235,10695,1,240.0,1,0.4465242956876519,306.8651330582118,True,66.86513305821182
138,3125,0,0.0,0,0.12969289314808538,0.0,True,0.0
120,3072,0,0.0,0,0.0767399686414397,0.0,True,0.0
138,3166,0,0.0,0,0.12969289314808538,0.0,True,0.0
240,7367,0,0.0,0,0.08623121496153209,0.0,True,0.0
233,2794,0,0.0,0,0.07943271098306438,0.0,True,0.0
243,5945,0,0.0,0,0.05416801898804728,0.0,True,0.0
175,1911,0,0.0,0,0.18623124320169449,0.0,True,0.0
214,12703,0,0.0,0,0.07486956382268259,0.0,True,0.0
233,2562,0,0.0,0,0.15815622432019213,0.0,True,0.0
214,7163,0,0.0,0,0.07041342104269632,0.0,True,0.0
145,8429,0,0.0,0,0.11787159018419562,0.0,True,0.0
126,65,1,960.0,1,0.4069399900703055,1510.860423889684,True,550.860423889684
217,7180,0,0.0,0,0.14915345036438973,0.0,True,0.0
201,14555,0,0.0,0,0.046249807031196924,0.0,True,0.0
130,12446,0,0.0,0,0.16929339887871692,0.0,True,0.0
145,16037,0,0.0,0,0.0524618373858128,0.0,True,0.0
228,2757,0,0.0,0,0.03370592882436461,0.0,True,0.0
139,9022,0,0.0,0,0.04094119513493787,0.0,True,0.0
177,1855,0,0.0,1,0.35603344714438817,59.296072355893834,False,59.296072355893834
129,379,0,0.0,0,0.1878470707234908,0.0,True,0.0
230,7978,0,0.0,0,0.12320340324256021,0.0,True,0.0
235,2673,0,0.0,0,0.11883559839459489,0.0,True,0.0
251,12152,0,0.0,0,0.13574900404950485,0.0,True,0.0
122,1181,0,0.0,0,0.08491880243998645,0.0,True,0.0
237,7284,0,0.0,0,0.2341859506395446,0.0,True,0.0
213,11623,0,0.0,0,0.07367267635885497,0.0,True,0.0
249,5757,0,0.0,0,0.11009552824162085,0.0,True,0.0
251,5263,0,0.0,0,0.14745362102509524,0.0,True,0.0
120,9149,0,0.0,0,0.12615390241407196,0.0,True,0.0
182,10626,0,0.0,0,0.13355201319729249,0.0,True,0.0
136,986,1,120.0,1,0.3431913133945081,166.98184765940866,True,46.98184765940866
231,7654,0,0.0,0,0.1271797473261039,0.0,True,0.0
213,16847,0,0.0,0,0.04827860830317342,0.0,True,0.0
141,3401,0,0.0,0,0.07583067939215347,0.0,True,0.0
145,8906,1,1520.0,0,0.08989851899287062,0.0,False,1520.0
139,3297,0,0.0,0,0.23128080297333634,0.0,True,0.0
137,3925,0,0.0,1,0.29110938696275296,1938.0428720025482,False,1938.0428720025482
139,16004,0,0.0,1,0.3468412650926775,1922.6267964921374,False,1922.6267964921374
228,4822,1,143400.0,1,0.30425781355654213,2036.4894732462672,True,141363.51052675373
169,1510,0,0.0,1,0.41698122935641374,149.75951588122257,False,149.75951588122257
227,11790,0,0.0,1,0.25727797907297,98.5980705026256,False,98.5980705026256
235,2933,0,0.0,0,0.047238364826072396,0.0,True,0.0
121,52,0,0.0,0,0.09258781069755344,0.0,True,0.0
135,11641,0,0.0,1,0.3504033893390492,123.05044568959195,False,123.05044568959195
236,16167,0,0.0,1,0.2745512161586646,387.9495081081731,False,387.9495081081731
231,13669,0,0.0,0,0.17375856836241307,0.0,True,0.0
137,6487,0,0.0,0,0.2265383172168277,0.0,True,0.0
243,12970,0,0.0,0,0.0364799627981993,0.0,True,0.0
167,10679,1,960.0,1,0.44727015948929133,876.6774113588592,True,83.32258864114078
147,8882,0,0.0,0,0.2423404126080008,0.0,True,0.0
245,11632,0,0.0,0,0.062408805665371964,0.0,True,0.0
176,14694,0,0.0,1,0.4496061392818848,350.9657844248998,False,350.9657844248998
148,8601,0,0.0,0,0.1420860645743584,0.0,True,0.0
147,12752,0,0.0,0,0.17100046285522585,0.0,True,0.0
219,12629,1,120.0,1,0.8741475828159204,76.79225269428221,True,43.20774730571779
252,5716,0,0.0,0,0.03075898306802224,0.0,True,0.0
243,12043,0,0.0,0,0.10934162003969253,0.0,True,0.0
139,387,0,0.0,0,0.08951619359759831,0.0,True,0.0
237,2529,0,0.0,1,0.2770580968104929,333.8462962365211,False,333.8462962365211
147,14749,0,0.0,0,0.11638250362831282,0.0,True,0.0
131,12316,0,0.0,0,0.10197744728346723,0.0,True,0.0
322,746,0,0.0,0,0.015880054948862264,0.0,True,0.0
225,7201,0,0.0,1,0.34240077444997735,81.04738097527476,False,81.04738097527476
135,16053,1,480.0,1,0.4465458653451992,128.2139821224327,True,351.7860178775673
142,78,0,0.0,0,0.09795548390166457,0.0,True,0.0
242,698,0,0.0,0,0.16392628303101422,0.0,True,0.0
226,2400,0,0.0,0,0.0710363496844383,0.0,True,0.0
237,10823,0,0.0,1,0.26553135635353997,360.5708520380654,False,360.5708520380654
142,3331,1,2700.0,1,0.4307155266837927,2766.6151827619624,True,66.61518276196239
248,12407,0,0.0,0,0.14971936905401081,0.0,True,0.0
242,2734,0,0.0,0,0.1638830351934141,0.0,True,0.0
176,12957,1,240.0,1,0.4496061392818848,350.9657844248998,True,110.96578442489982
175,1855,0,0.0,0,0.15459399785351655,0.0,True,0.0
209,16825,0,0.0,0,0.10467140614406725,0.0,True,0.0
227,7512,0,0.0,0,0.19559005487163605,0.0,True,0.0
126,3279,0,0.0,0,0.22680074315247636,0.0,True,0.0
204,2150,0,0.0,0,0.035063858358398516,0.0,True,0.0
210,16987,1,60.0,1,0.4582327512141245,138.70672950454323,True,78.70672950454323
227,13866,1,48.0,1,0.3333514590753091,81.68904038191504,True,33.689040381915035
191,1566,0,0.0,0,0.10432277006582999,0.0,True,0.0
219,2327,0,0.0,1,0.3734084757044769,87.05003434635087,False,87.05003434635087
214,6898,0,0.0,0,0.12964859878067353,0.0,True,0.0
229,16353,1,1200.0,1,0.4858762672624368,515.5300080391014,True,684.4699919608986
140,322,1,1200.0,1,0.46280609156103153,1572.6879018966476,True,372.68790189664765
130,12496,1,152.0,0,0.17470032986236927,0.0,False,152.0
212,2450,0,0.0,0,0.19366372437897986,0.0,True,0.0
234,2977,0,0.0,1,0.32958262891149354,403.3598666840965,False,403.3598666840965
167,16106,0,0.0,0,0.04936812265578804,0.0,True,0.0
179,12050,1,4.0,1,0.33156188303287887,12.341908653547998,True,8.341908653547998
217,2484,0,0.0,0,0.0704873593456806,0.0,True,0.0
216,2483,0,0.0,0,0.1277673318902495,0.0,True,0.0
205,14992,0,0.0,0,0.055565450554933386,0.0,True,0.0
143,13826,0,0.0,0,0.12084289748579766,0.0,True,0.0
127,3173,1,480.0,1,0.3128709019136333,688.1615472782348,True,208.16154727823482
168,1783,1,160.0,1,0.32567374469921495,169.17326315699466,True,9.173263156994665
124,12692,0,0.0,1,0.6121320024819674,229.73490624101024,False,229.73490624101024
141,3047,0,0.0,0,0.13286331270087745,0.0,True,0.0
127,12638,1,4200.0,1,0.6519736353166452,883.4392741578,True,3316.5607258422
229,2979,0,0.0,0,0.15722189931688538,0.0,True,0.0
216,7779,0,0.0,0,0.06903793284318524,0.0,True,0.0
131,1418,0,0.0,0,0.13519586323083327,0.0,True,0.0
241,2634,0,0.0,1,0.451464852915263,3119.7325463420643,False,3119.7325463420643
182,1753,0,0.0,0,0.18590768586635134,0.0,True,0.0
134,6286,0,0.0,1,0.32278375451722974,148.44869112299955,False,148.44869112299955
240,2562,0,0.0,0,0.08623121496153209,0.0,True,0.0
208,2152,0,0.0,0,0.07443016461052798,0.0,True,0.0
124,1415,0,0.0,1,0.39663358420921274,177.79282403518607,False,177.79282403518607
228,16129,0,0.0,0,0.03573350641241665,0.0,True,0.0
145,12593,0,0.0,0,0.0877568100708639,0.0,True,0.0
248,13554,0,0.0,0,0.21680940052008157,0.0,True,0.0
242,12947,0,0.0,0,0.16817945505970408,0.0,True,0.0
127,120,0,0.0,0,0.08273295832398755,0.0,True,0.0
147,8627,0,0.0,0,0.24996861134941045,0.0,True,0.0
252,6531,0,0.0,0,0.1614992920094076,0.0,True,0.0
201,2107,0,0.0,0,0.08060653280437115,0.0,True,0.0
212,2425,0,0.0,0,0.07012607417899623,0.0,True,0.0
250,853,0,0.0,0,0.1823092275946068,0.0,True,0.0
175,1966,0,0.0,0,0.16490478629189217,0.0,True,0.0
140,3911,1,400.0,1,0.6115407314531099,418.8485809308011,True,18.84858093080112
121,3090,0,0.0,0,0.18971836642367473,0.0,True,0.0
133,3256,1,128.0,1,0.8449169760595004,148.86891076790786,True,20.868910767907863
141,23,0,0.0,0,0.10072091535735353,0.0,True,0.0
185,1551,0,0.0,0,0.1363214112108871,0.0,True,0.0
139,3784,0,0.0,0,0.12401276328533371,0.0,True,0.0
205,12234,0,0.0,0,0.01966254939072721,0.0,True,0.0
176,1510,1,240.0,1,0.38113535100844487,470.9097352930321,True,230.9097352930321
137,3402,1,3000.0,0,0.22669576368668717,0.0,False,3000.0
145,8266,0,0.0,0,0.05867213548758159,0.0,True,0.0
240,7202,0,0.0,0,0.096154825971527,0.0,True,0.0
149,4007,0,0.0,0,0.16771606478876241,0.0,True,0.0
250,5381,0,0.0,0,0.17906357755306437,0.0,True,0.0
210,10211,0,0.0,0,0.052224512240833035,0.0,True,0.0
175,1833,0,0.0,1,0.3568199470473474,146.59809838773646,False,146.59809838773646
236,2980,0,0.0,1,0.4490804937020337,460.57614508320495,False,460.57614508320495
136,3657,1,64.0,1,0.4167262245606122,105.59671532631302,True,41.59671532631302
231,10910,0,0.0,1,0.30233400080517164,240.25016065916444,False,240.25016065916444
131,3375,0,0.0,0,0.1068654856910098,0.0,True,0.0
243,5758,0,0.0,0,0.024774037354608137,0.0,True,0.0
139,139,0,0.0,0,0.06226892542084409,0.0,True,0.0
134,3279,0,0.0,0,0.14746680499756734,0.0,True,0.0
170,6570,0,0.0,1,0.40625828359597416,309.4552399229196,False,309.4552399229196
158,4070,0,0.0,1,0.377430794726434,117.52697763057824,False,117.52697763057824
182,1766,0,0.0,0,0.05028743069477295,0.0,True,0.0
237,7504,0,0.0,0,0.16285457060844957,0.0,True,0.0
143,8193,0,0.0,0,0.13036416792445932,0.0,True,0.0
240,16791,0,0.0,0,0.17827736017225873,0.0,True,0.0
186,16745,1,20.0,1,0.4494588767438881,47.67156178369197,True,27.67156178369197
182,1507,0,0.0,0,0.07983305851355857,0.0,True,0.0
135,199,0,0.0,1,0.48964003697839364,126.53861999493768,False,126.53861999493768
183,16164,1,12.0,1,0.7589747118830543,32.642648852192465,True,20.642648852192465
140,1236,1,2000.0,1,0.32847475228010004,2979.016000650214,True,979.0160006502142
218,2292,0,0.0,0,0.19603136708723298,0.0,True,0.0
139,9241,0,0.0,1,0.2690090152653657,1905.589508655434,False,1905.589508655434
126,11640,1,2400.0,1,0.6409920256093986,1306.2099670041796,True,1093.7900329958204
127,3505,0,0.0,0,0.1729030030003662,0.0,True,0.0
228,7580,0,0.0,0,0.07908226214203715,0.0,True,0.0
241,13862,0,0.0,1,0.4333609837161395,1195.6459768695026,False,1195.6459768695026
147,6223,0,0.0,0,0.1379672231239666,0.0,True,0.0
166,16367,0,0.0,0,0.09657431466100166,0.0,True,0.0
216,2411,1,800.0,0,0.12590659032785198,0.0,False,800.0
240,12688,0,0.0,0,0.09500841238647598,0.0,True,0.0
227,2940,1,24.0,1,0.45798998903480925,98.87378032506564,True,74.87378032506564
239,2619,1,3800.0,1,0.5462598896973877,5186.114201003341,True,1386.114201003341
249,5197,0,0.0,0,0.15189669120418273,0.0,True,0.0
172,14929,0,0.0,0,0.1355751325244857,0.0,True,0.0
135,118,0,0.0,1,0.44149864630693836,93.25858501953361,False,93.25858501953361
228,12378,0,0.0,0,0.04187768898322324,0.0,True,0.0
178,11866,0,0.0,1,0.3502248058215227,28.626445016147485,False,28.626445016147485
184,12611,0,0.0,0,0.09880917239980234,0.0,True,0.0
122,3573,0,0.0,0,0.1642361999325487,0.0,True,0.0
185,1715,0,0.0,0,0.12353568903687513,0.0,True,0.0
210,13870,0,0.0,0,0.06882693568545813,0.0,True,0.0
242,7960,0,0.0,0,0.1802165949375638,0.0,True,0.0
238,12385,1,120.0,1,0.6058926792055002,184.78700215588933,True,64.78700215588933
133,9245,0,0.0,1,0.31134620321483353,265.517231501033,False,265.517231501033
225,2217,0,0.0,0,0.07851967190122798,0.0,True,0.0
186,12895,0,0.0,0,0.18393237166039894,0.0,True,0.0
167,1718,0,0.0,0,0.07926214700566728,0.0,True,0.0
243,14961,0,0.0,0,0.039680756184432,0.0,True,0.0
233,11790,0,0.0,0,0.1086790274332896,0.0,True,0.0
240,13548,0,0.0,0,0.08856195835355261,0.0,True,0.0
217,7875,0,0.0,0,0.0704873593456806,0.0,True,0.0
134,3085,1,440.0,0,0.15055176187119163,0.0,False,440.0
179,1728,1,4.0,1,0.3145879884427994,11.9484753865051,True,7.9484753865051
136,250,0,0.0,0,0.20852073359496545,0.0,True,0.0
122,3495,0,0.0,0,0.1709827440096635,0.0,True,0.0
247,10912,0,0.0,0,0.19066427327581859,0.0,True,0.0
226,2326,0,0.0,0,0.09464888619604207,0.0,True,0.0
177,1512,0,0.0,0,0.10236385365064371,0.0,True,0.0
204,6902,0,0.0,0,0.05845411657401924,0.0,True,0.0
214,11952,1,900.0,1,0.5298956106771812,398.4959395586465,True,501.5040604413535
124,3881,1,120.0,1,0.5929189330271737,93.17747159043577,True,26.822528409564228
127,12774,0,0.0,1,0.6662056004066395,738.4965254289883,False,738.4965254289883
170,1750,1,160.0,1,0.7098512223125637,194.3529471997004,True,34.352947199700395
140,9008,0,0.0,1,0.5914180865452187,2670.806417245057,False,2670.806417245057
248,5169,1,1200.0,1,0.2739424981438001,244.92235136644962,True,955.0776486335503
238,7573,0,0.0,1,0.4425976042191968,147.31888973095099,False,147.31888973095099
145,8807,0,0.0,0,0.1329263896531689,0.0,True,0.0
250,5405,0,0.0,0,0.1284313306139708,0.0,True,0.0
244,5268,0,0.0,0,0.07977604735692144,0.0,True,0.0
146,10906,0,0.0,0,0.15382585775865373,0.0,True,0.0
242,11964,0,0.0,0,0.16817945505970408,0.0,True,0.0
124,6659,0,0.0,1,0.2847466523169778,240.72051697864904,False,240.72051697864904
140,3483,0,0.0,1,0.6210673953168311,2196.681310035678,False,2196.681310035678
228,12426,0,0.0,0,0.026720403890620543,0.0,True,0.0
216,10211,0,0.0,0,0.0350938271392402,0.0,True,0.0
169,1703,0,0.0,0,0.2295056473576508,0.0,True,0.0
141,9022,0,0.0,0,0.05892108649837147,0.0,True,0.0
221,7913,1,32.0,1,0.576341976176417,43.86484814363925,True,11.86484814363925
208,2119,0,0.0,0,0.09117292060313952,0.0,True,0.0
172,12778,1,40.0,1,0.397807433243728,61.27910340639284,True,21.279103406392842
137,3644,1,1400.0,1,0.30072591954539707,2342.046860165492,True,942.046860165492
124,3801,1,120.0,1,0.6101660358110079,213.63819865674313,True,93.63819865674313
191,1793,0,0.0,1,0.3313853318754351,268.4886773521044,False,268.4886773521044
122,258,0,0.0,0,0.13529094377618237,0.0,True,0.0
211,2440,0,0.0,0,0.07385406869977423,0.0,True,0.0
137,3504,1,1600.0,1,0.33967406571614456,1244.6422918888375,True,355.35770811116254
166,1968,0,0.0,0,0.08738452313906918,0.0,True,0.0
130,3124,0,0.0,0,0.04553592545827543,0.0,True,0.0
122,12726,0,0.0,0,0.10080176844644305,0.0,True,0.0
141,3147,0,0.0,0,0.1526762084739037,0.0,True,0.0
140,4943,1,4000.0,1,0.46280609156103153,1572.6879018966476,True,2427.3120981033526
187,1718,0,0.0,0,0.11419020556404483,0.0,True,0.0
137,9065,1,1200.0,0,0.2265383172168277,0.0,False,1200.0
167,1546,0,0.0,1,0.44727015948929133,876.6774113588592,False,876.6774113588592
139,9092,0,0.0,0,0.12511047533642164,0.0,True,0.0
169,11960,1,160.0,1,0.5719113921681651,755.5876478568988,True,595.5876478568988
240,2875,0,0.0,0,0.10082108378504112,0.0,True,0.0
216,13870,0,0.0,0,0.015277855316425866,0.0,True,0.0
135,97,0,0.0,1,0.3025645149320883,109.34499192276466,False,109.34499192276466
173,16090,0,0.0,0,0.13922729077079096,0.0,True,0.0
212,2473,0,0.0,0,0.23116229709008976,0.0,True,0.0
218,7923,0,0.0,0,0.24924904440881446,0.0,True,0.0
233,10236,0,0.0,0,0.1304268826016643,0.0,True,0.0
127,3600,0,0.0,1,0.25190551789730503,964.1525034775813,False,964.1525034775813
251,12537,1,2600.0,1,0.3306824286412774,2713.1418538143516,True,113.14185381435163
228,2670,0,0.0,0,0.032995378963748254,0.0,True,0.0
217,12629,0,0.0,0,0.12241740150120263,0.0,True,0.0
209,4928,0,0.0,0,0.042834142611378176,0.0,True,0.0
244,5180,0,0.0,0,0.10197287368335735,0.0,True,0.0
148,16763,0,0.0,0,0.21638811946017492,0.0,True,0.0
242,7362,0,0.0,0,0.1638830351934141,0.0,True,0.0
213,6338,0,0.0,0,0.08059180678558012,0.0,True,0.0
250,12408,0,0.0,0,0.1823092275946068,0.0,True,0.0
231,4925,0,0.0,0,0.23008350369839395,0.0,True,0.0
243,11644,0,0.0,0,0.026525705849285194,0.0,True,0.0
142,151,0,0.0,0,0.09795548390166457,0.0,True,0.0
230,16274,0,0.0,0,0.11928374295523081,0.0,True,0.0
201,2158,0,0.0,0,0.04860761012235522,0.0,True,0.0
182,16565,0,0.0,0,0.0600384831135879,0.0,True,0.0
183,1824,1,12.0,1,0.5433844682712262,21.426925133839532,True,9.426925133839532
124,11931,0,0.0,0,0.24207303585298742,0.0,True,0.0
238,13849,0,0.0,1,0.36643818338381595,621.3237725446451,False,621.3237725446451
134,14706,0,0.0,0,0.15068450858918314,0.0,True,0.0
203,11637,1,32.0,1,0.7133046246303255,63.313918366387114,True,31.313918366387114
144,13552,0,0.0,0,0.1655522137705766,0.0,True,0.0
217,10252,0,0.0,0,0.12783051471491044,0.0,True,0.0
143,11875,0,0.0,0,0.21705907849248185,0.0,True,0.0
143,8318,0,0.0,0,0.11368027809004104,0.0,True,0.0
148,8369,1,4800.0,1,0.3281136258206399,1624.101539857615,True,3175.898460142385
122,293,1,2560.0,1,0.5146897820968716,959.9604380504526,True,1600.0395619495475
232,2965,1,1330.0,0,0.18642515456716355,0.0,False,1330.0
233,16445,0,0.0,0,0.17332183847280588,0.0,True,0.0
253,6606,0,0.0,0,0.06091659526345727,0.0,True,0.0
165,14789,0,0.0,1,0.260146481616701,251.86824519902538,False,251.86824519902538
227,2663,0,0.0,1,0.26372133577236245,128.88454488240833,False,128.88454488240833
244,5948,0,0.0,0,0.06418591671096219,0.0,True,0.0
224,2218,0,0.0,0,0.07940532169728617,0.0,True,0.0
239,2892,0,0.0,1,0.4497250308107902,5788.4688701723335,False,5788.4688701723335
238,7683,1,120.0,1,0.4699635002206777,199.2379946919399,True,79.23799469193989
244,5215,0,0.0,0,0.1022486317207992,0.0,True,0.0
142,64,0,0.0,1,0.34682761858119693,918.0621787487481,False,918.0621787487481
251,6985,0,0.0,0,0.178065870839982,0.0,True,0.0
140,3131,1,800.0,1,0.43889001315189824,1082.2623403288258,True,282.26234032882576
141,93,0,0.0,0,0.02899406170773315,0.0,True,0.0
226,7717,0,0.0,1,0.5139995829319328,146.65484672225335,False,146.65484672225335
227,2646,1,300.0,1,0.26557982331484664,109.95404864068769,True,190.0459513593123
135,233,0,0.0,1,0.4400469920426525,88.5849364898793,False,88.5849364898793
207,16295,0,0.0,0,0.2399403665537823,0.0,True,0.0
222,13511,1,16.0,1,0.8323657206126429,43.76724774077774,True,27.76724774077774
223,2350,0,0.0,0,0.04135907287211098,0.0,True,0.0
146,8011,0,0.0,0,0.2215831285162722,0.0,True,0.0
141,3188,0,0.0,0,0.07583067939215347,0.0,True,0.0
167,7962,0,0.0,0,0.08866944660347222,0.0,True,0.0
215,13870,0,0.0,0,0.020022159794754944,0.0,True,0.0
253,5243,0,0.0,0,0.061120769658928084,0.0,True,0.0
235,10319,0,0.0,0,0.13725724800609618,0.0,True,0.0
134,3471,0,0.0,0,0.1457547493451196,0.0,True,0.0
142,9211,0,0.0,0,0.11009665770895607,0.0,True,0.0
123,29,0,0.0,0,0.20653568501468028,0.0,True,0.0
202,2128,0,0.0,0,0.14973097682058037,0.0,True,0.0
225,16131,0,0.0,0,0.12031420254388882,0.0,True,0.0
134,3695,0,0.0,0,0.11358577751171656,0.0,True,0.0
242,12740,0,0.0,0,0.1802165949375638,0.0,True,0.0
252,8864,0,0.0,0,0.21823827937130966,0.0,True,0.0
133,16313,1,192.0,1,0.5048524788750737,177.50691388126248,True,14.493086118737523
125,3195,0,0.0,1,0.6561118509049445,1850.9068691520476,False,1850.9068691520476
182,1721,0,0.0,0,0.14241526174097285,0.0,True,0.0
236,2529,0,0.0,1,0.26731700378244605,382.81343375766016,False,382.81343375766016
138,3681,0,0.0,0,0.1248334406100785,0.0,True,0.0
250,5540,0,0.0,0,0.10201205129872494,0.0,True,0.0
180,1736,0,0.0,1,0.2575977003352951,68.82247554598754,False,68.82247554598754
186,16565,0,0.0,0,0.07983782968818982,0.0,True,0.0
240,2906,0,0.0,0,0.09610654360101253,0.0,True,0.0
124,16549,0,0.0,0,0.13303954121120007,0.0,True,0.0
133,12785,0,0.0,1,0.43948419537119676,154.25281649200397,False,154.25281649200397
145,8168,0,0.0,0,0.07091284115847293,0.0,True,0.0
243,5228,0,0.0,0,0.0364799627981993,0.0,True,0.0
225,7747,0,0.0,0,0.1680918215782479,0.0,True,0.0
145,11704,0,0.0,0,0.19549393012002372,0.0,True,0.0
138,9124,0,0.0,0,0.08139114152362222,0.0,True,0.0
170,12720,1,160.0,1,0.5499097556404043,178.0545389587959,True,18.054538958795888
232,14610,0,0.0,0,0.21254812148318789,0.0,True,0.0
236,2840,0,0.0,1,0.4232072928986882,432.7132533697764,False,432.7132533697764
212,10211,0,0.0,0,0.07578379168479141,0.0,True,0.0
168,1553,0,0.0,1,0.5067246531633198,147.2326966108809,False,147.2326966108809
179,1528,0,0.0,1,0.28669874361972525,16.785798897033313,False,16.785798897033313
125,1413,0,0.0,0,0.23023002437148044,0.0,True,0.0
131,3483,0,0.0,0,0.0852021564915851,0.0,True,0.0
127,47,1,480.0,1,0.47470790588199835,508.93474366823085,True,28.93474366823085
204,7190,0,0.0,0,0.027102876384552933,0.0,True,0.0
233,2989,0,0.0,0,0.18852748377737555,0.0,True,0.0
243,5045,0,0.0,0,0.11783526696345921,0.0,True,0.0
176,1912,0,0.0,0,0.23521214975410287,0.0,True,0.0
185,16680,1,60.0,1,0.2663896583539157,127.308441717927,True,67.308441717927
131,57,1,120.0,1,0.3281294479376955,513.2163218713729,True,393.2163218713729
173,6561,0,0.0,0,0.06940196901759178,0.0,True,0.0
136,12318,0,0.0,1,0.2685068673882892,105.44652254075251,False,105.44652254075251
229,7419,0,0.0,0,0.08075205007306657,0.0,True,0.0
144,8709,0,0.0,0,0.02003252625898264,0.0,True,0.0
246,5227,1,160.0,1,0.42183911660711115,76.69930764489477,True,83.30069235510523
138,3356,0,0.0,0,0.15896570987418496,0.0,True,0.0
230,2932,0,0.0,0,0.11253970524557386,0.0,True,0.0
192,16106,0,0.0,0,0.047317385848330444,0.0,True,0.0
239,2945,0,0.0,1,0.4497250308107902,5788.4688701723335,False,5788.4688701723335
226,2497,0,0.0,0,0.053456394377131074,0.0,True,0.0
140,9085,1,3500.0,1,0.7830980755577636,3243.9589992406477,True,256.0410007593523
127,13897,1,2400.0,1,0.6662056004066395,738.4965254289883,True,1661.5034745710118
238,10826,0,0.0,1,0.4270262950422471,540.007837392082,False,540.007837392082
127,3775,0,0.0,1,0.2846550676057804,462.3864645128875,False,462.3864645128875
122,3690,0,0.0,0,0.1405810451852208,0.0,True,0.0
142,3807,1,400.0,1,0.3670042917550546,2494.615834410537,True,2094.615834410537
242,10826,0,0.0,0,0.15524980389223167,0.0,True,0.0
172,1839,1,40.0,0,0.15631437574408713,0.0,False,40.0
235,2664,0,0.0,0,0.11428357103891092,0.0,True,0.0
226,2439,0,0.0,0,0.0710363496844383,0.0,True,0.0
135,3464,0,0.0,1,0.25787650372792714,160.88877099102191,False,160.88877099102191
140,12478,0,0.0,0,0.14444634243474927,0.0,True,0.0
232,7455,0,0.0,0,0.17758921467012212,0.0,True,0.0
123,260,1,60.0,1,0.8232674182617757,83.60302948061067,True,23.603029480610672
201,2023,0,0.0,0,0.05557022824702846,0.0,True,0.0
236,3841,1,4800.0,1,0.46757388574620545,2004.0879513380194,True,2795.9120486619804
213,2260,0,0.0,0,0.0689265776167057,0.0,True,0.0
147,12651,0,0.0,0,0.13235041984302268,0.0,True,0.0
140,201,0,0.0,0,0.1241378864830851,0.0,True,0.0
252,5787,0,0.0,0,0.05080034194531989,0.0,True,0.0
217,16655,0,0.0,0,0.052868227643796215,0.0,True,0.0
223,12432,0,0.0,0,0.20169582666427538,0.0,True,0.0
240,13946,0,0.0,0,0.16463806994416563,0.0,True,0.0
137,16232,0,0.0,0,0.09331627344481781,0.0,True,0.0
253,5482,0,0.0,1,0.46358340006389304,2807.343771480087,False,2807.343771480087
185,16366,0,0.0,1,0.2551009383619706,38.10963961916322,False,38.10963961916322
145,8119,0,0.0,0,0.07769769103036293,0.0,True,0.0
131,391,1,152.0,0,0.1240873559472066,0.0,False,152.0
229,16742,0,0.0,0,0.08234884204750806,0.0,True,0.0
227,12456,0,0.0,1,0.31267451858314166,347.5317314305313,False,347.5317314305313
188,16208,1,320.0,1,0.6180747461433059,100.90537285849113,True,219.09462714150885
227,2994,0,0.0,0,0.2306841169992974,0.0,True,0.0
191,10679,0,0.0,0,0.056852976972092475,0.0,True,0.0
228,13956,0,0.0,0,0.02585841629837046,0.0,True,0.0
183,1958,0,0.0,0,0.1476737184517636,0.0,True,0.0
236,16341,1,480.0,1,0.2830780764147522,632.3575419310956,True,152.35754193109562
142,3173,0,0.0,0,0.1632482999226393,0.0,True,0.0
221,2377,1,16.0,1,0.6334422464236973,57.008329967545805,True,41.008329967545805
244,6543,0,0.0,0,0.06418591671096219,0.0,True,0.0
142,3327,0,0.0,0,0.1082043305991596,0.0,True,0.0
125,12478,0,0.0,0,0.11074054896240856,0.0,True,0.0
129,3533,0,0.0,0,0.180295263578639,0.0,True,0.0
223,2407,0,0.0,0,0.19276962990965127,0.0,True,0.0
142,168,0,0.0,0,0.10955473962853472,0.0,True,0.0
133,3029,0,0.0,1,0.4193294248068731,261.6432565731354,False,261.6432565731354
180,1598,1,8.0,1,0.2866796798805909,11.96345363624098,True,3.9634536362409793
250,5038,0,0.0,0,0.17540842737145723,0.0,True,0.0
241,12545,1,1600.0,1,0.47226613729870764,2513.178612983919,True,913.1786129839188
236,12583,1,480.0,1,0.6455202330821717,849.10559679718,True,369.10559679718006
235,2770,0,0.0,0,0.20994817721496986,0.0,True,0.0
253,834,0,0.0,0,0.1255351378336853,0.0,True,0.0
179,1783,0,0.0,1,0.39314968152580615,12.092168147497148,False,12.092168147497148
133,3680,1,160.0,1,0.6471734671367471,214.09650738480372,True,54.096507384803715
227,7437,1,36.0,1,0.26394380568934667,237.1370240918361,True,201.1370240918361
249,12994,0,0.0,0,0.05813671971842803,0.0,True,0.0
127,61,1,720.0,1,0.5890058291999858,830.7261494172101,True,110.72614941721008
169,12704,0,0.0,0,0.15442563699063871,0.0,True,0.0
234,12468,0,0.0,1,0.25041630381817104,306.2526236396257,False,306.2526236396257
186,1915,0,0.0,1,0.27850647477100793,26.990158218020877,False,26.990158218020877
243,5854,0,0.0,0,0.02909164966226055,0.0,True,0.0
249,2053,0,0.0,0,0.10873593814438566,0.0,True,0.0
125,3609,0,0.0,1,0.36755308623895006,286.2505061668779,False,286.2505061668779
214,7807,1,1620.0,1,0.5351166439814938,453.31519844437304,True,1166.684801555627
139,12188,1,4000.0,1,0.27844102530366155,2207.892818437877,True,1792.107181562123
136,126,1,128.0,1,0.5813974588548377,125.37256850496492,True,2.6274314950350828
215,16847,0,0.0,0,0.08735885379829667,0.0,True,0.0
126,12153,1,480.0,0,0.17362074069170838,0.0,False,480.0
130,699,0,0.0,0,0.1511159545003944,0.0,True,0.0
232,2984,0,0.0,0,0.17537898007092886,0.0,True,0.0
232,14949,0,0.0,0,0.18497578282863192,0.0,True,0.0
129,3981,0,0.0,1,0.3182916545000985,140.74803046344016,False,140.74803046344016
120,203,0,0.0,0,0.08987960165923775,0.0,True,0.0
166,1593,0,0.0,1,0.28741749276335543,48.3144287530762,False,48.3144287530762
235,12105,0,0.0,0,0.1716907092077473,0.0,True,0.0
176,1645,1,480.0,1,0.6827735337614309,265.21586690836335,True,214.78413309163665
239,2994,0,0.0,1,0.46771318663160505,4933.591244752423,False,4933.591244752423
174,10625,0,0.0,1,0.4184948666517474,119.29856426974867,False,119.29856426974867
222,2322,0,0.0,0,0.19472901115266486,0.0,True,0.0
120,3231,0,0.0,0,0.0767399686414397,0.0,True,0.0
141,3687,0,0.0,0,0.08521431641903073,0.0,True,0.0
208,16295,1,4750.0,0,0.19509359390567108,0.0,False,4750.0
135,12479,1,96.0,1,0.5709746281523529,175.86576582406067,True,79.86576582406067
237,2796,1,720.0,0,0.24150001357868628,0.0,False,720.0
232,2842,0,0.0,0,0.157119359453283,0.0,True,0.0
175,12611,0,0.0,0,0.15459399785351655,0.0,True,0.0
129,3285,1,140.0,1,0.25499588270312207,243.6107881531616,True,103.6107881531616
224,13857,1,40.0,0,0.127673522667082,0.0,False,40.0
125,12188,0,0.0,0,0.18885722692512288,0.0,True,0.0
214,2483,0,0.0,1,0.2909403390483944,409.64247755780013,False,409.64247755780013
130,3137,0,0.0,0,0.10433235545155112,0.0,True,0.0
230,7674,0,0.0,0,0.1945956094989906,0.0,True,0.0
218,2472,0,0.0,0,0.03155267667291571,0.0,True,0.0
130,147,1,64.0,1,0.4037893613302776,118.00102485538571,True,54.00102485538571
138,93,0,0.0,0,0.052511597499377886,0.0,True,0.0
145,8345,0,0.0,0,0.07259939604849001,0.0,True,0.0
121,187,0,0.0,0,0.0960378863594644,0.0,True,0.0
133,11732,1,160.0,1,0.8613007568478751,208.31261709279394,True,48.31261709279394
214,2411,1,1620.0,0,0.10723585669470904,0.0,False,1620.0
143,12742,0,0.0,0,0.21705907849248185,0.0,True,0.0
133,12085,0,0.0,1,0.47393219512109985,397.77357593458277,False,397.77357593458277
234,16027,0,0.0,0,0.07838241471360582,0.0,True,0.0
235,7439,0,0.0,0,0.19907761198930343,0.0,True,0.0
143,13620,0,0.0,1,0.2514136453097409,788.4568639606473,False,788.4568639606473
131,129,0,0.0,0,0.05619952377991002,0.0,True,0.0
220,2322,0,0.0,1,0.5794864740238724,147.66243971892789,False,147.66243971892789
171,16233,0,0.0,1,0.3655743188832165,83.50834295158113,False,83.50834295158113
148,12843,0,0.0,0,0.20419787112332338,0.0,True,0.0
220,12807,1,380.0,1,0.5700895290583241,157.9367159357845,True,222.0632840642155
203,1420,0,0.0,0,0.15188625109178475,0.0,True,0.0
148,6964,1,2100.0,1,0.5257999696553972,796.3236514130161,True,1303.6763485869837
230,2728,0,0.0,0,0.07243956710045948,0.0,True,0.0
230,2624,0,0.0,0,0.08015859933094016,0.0,True,0.0
145,16130,0,0.0,0,0.08601726965286842,0.0,True,0.0
127,3195,0,0.0,1,0.6662056004066395,738.4965254289883,False,738.4965254289883
175,12474,0,0.0,0,0.09972263826074795,0.0,True,0.0
188,1972,0,0.0,0,0.13600281895099528,0.0,True,0.0
127,256,0,0.0,1,0.3014153491097008,631.5646223519364,False,631.5646223519364
217,2225,0,0.0,0,0.08904986746837772,0.0,True,0.0
189,1644,0,0.0,1,0.2996206750411987,280.0326202494962,False,280.0326202494962
136,3357,0,0.0,1,0.3681837333034879,130.28035827574502,False,130.28035827574502
124,6490,0,0.0,1,0.3010472424464893,191.4615443908187,False,191.4615443908187
127,14930,1,1200.0,1,0.7320304225555795,709.4100364095931,True,490.5899635904069
235,16174,0,0.0,0,0.09619451674415329,0.0,True,0.0
235,2699,1,240.0,0,0.14525821687102958,0.0,False,240.0
218,12366,0,0.0,0,0.07871123779521974,0.0,True,0.0
246,12904,0,0.0,0,0.20042531858147952,0.0,True,0.0
236,2744,0,0.0,0,0.22910626315272228,0.0,True,0.0
251,5833,0,0.0,1,0.2636148083472301,827.7781167608126,False,827.7781167608126
130,1347,1,280.0,1,0.3165068481398811,176.17406707533053,True,103.82593292466947
145,12751,0,0.0,0,0.12294083566640367,0.0,True,0.0
166,1617,0,0.0,0,0.08499567863689264,0.0,True,0.0
139,3401,0,0.0,0,0.10405105532653448,0.0,True,0.0
131,1247,0,0.0,0,0.13983049581498191,0.0,True,0.0
122,341,0,0.0,0,0.12965837353599124,0.0,True,0.0
125,3534,0,0.0,1,0.4802661493049086,972.6368531298975,False,972.6368531298975
229,7525,0,0.0,0,0.09647616773804515,0.0,True,0.0
127,3090,0,0.0,0,0.2266896322147624,0.0,True,0.0
184,1727,0,0.0,0,0.1546329146267764,0.0,True,0.0
202,12421,0,0.0,1,0.32172663083030256,91.38431449013368,False,91.38431449013368
218,16655,0,0.0,0,0.2010014390354183,0.0,True,0.0
164,7189,0,0.0,0,0.05803652045100563,0.0,True,0.0
211,2343,0,0.0,0,0.07385406869977423,0.0,True,0.0
131,9263,0,0.0,0,0.12589854198059838,0.0,True,0.0
139,3497,0,0.0,1,0.29192452331292534,2281.5445037078366,False,2281.5445037078366
148,8179,0,0.0,1,0.26241763038757915,248.45135606019815,False,248.45135606019815
232,2639,1,1050.0,0,0.1728955383910067,0.0,False,1050.0
186,1788,0,0.0,0,0.090210493653444,0.0,True,0.0
229,16205,0,0.0,0,0.08050018625611227,0.0,True,0.0
126,250,0,0.0,0,0.21577643106360384,0.0,True,0.0
129,10814,0,0.0,0,0.17366038239717185,0.0,True,0.0
179,1839,0,0.0,0,0.20427651629891455,0.0,True,0.0
229,13915,0,0.0,0,0.11370350637762919,0.0,True,0.0
209,10723,0,0.0,0,0.06655642507030946,0.0,True,0.0
142,3431,1,3200.0,1,0.4307155266837927,2766.6151827619624,True,433.3848172380376
250,6598,1,1280.0,0,0.20076950570809407,0.0,False,1280.0
127,3307,0,0.0,0,0.12797878732947005,0.0,True,0.0
133,1247,1,256.0,1,0.32884183304938636,149.49971423965664,True,106.50028576034336
249,5574,0,0.0,0,0.06199242494717713,0.0,True,0.0
121,12859,0,0.0,0,0.1323367479686494,0.0,True,0.0
243,5725,0,0.0,0,0.0364799627981993,0.0,True,0.0
252,5557,0,0.0,0,0.024596955581104852,0.0,True,0.0
125,157,0,0.0,0,0.16748181105221735,0.0,True,0.0
237,10208,0,0.0,0,0.22100666385392062,0.0,True,0.0
141,3024,0,0.0,0,0.15695352038712476,0.0,True,0.0
227,2909,0,0.0,1,0.3340914568090267,302.48816832020435,False,302.48816832020435
241,2618,0,0.0,0,0.16632076820151667,0.0,True,0.0
235,2963,0,0.0,0,0.14951270406829723,0.0,True,0.0
219,12725,0,0.0,0,0.08774190460976827,0.0,True,0.0
251,11660,0,0.0,0,0.17581068558592208,0.0,True,0.0
192,1899,0,0.0,0,0.09212640362849712,0.0,True,0.0
250,11746,1,800.0,0,0.18876307664757655,0.0,False,800.0
236,16372,0,0.0,1,0.2794977716020938,689.0766107830834,False,689.0766107830834
244,5117,0,0.0,0,0.06418591671096219,0.0,True,0.0
123,293,1,60.0,1,0.8346435797321928,187.23392420984635,True,127.23392420984635
135,6609,0,0.0,0,0.23901669113006474,0.0,True,0.0
241,2693,0,0.0,1,0.44119026405280726,996.7730913008294,False,996.7730913008294
134,22,0,0.0,0,0.10752458978893506,0.0,True,0.0
127,3413,0,0.0,1,0.3128709019136333,688.1615472782348,False,688.1615472782348
137,1314,1,2560.0,0,0.09331627344481781,0.0,False,2560.0
184,16727,0,0.0,0,0.18434509538875685,0.0,True,0.0
140,3184,0,0.0,1,0.6115407314531099,418.8485809308011,False,418.8485809308011
244,12175,0,0.0,0,0.07977604735692144,0.0,True,0.0
251,5887,0,0.0,0,0.14745362102509524,0.0,True,0.0
223,7132,0,0.0,0,0.03765465285306056,0.0,True,0.0
143,6957,0,0.0,0,0.12084289748579766,0.0,True,0.0
147,16195,0,0.0,0,0.12267511784604518,0.0,True,0.0
248,5147,0,0.0,0,0.13976520436576942,0.0,True,0.0
228,2711,0,0.0,0,0.026908295537759565,0.0,True,0.0
243,5895,0,0.0,0,0.07661402425499522,0.0,True,0.0
124,181,0,0.0,1,0.37817868724673037,139.27431694743836,False,139.27431694743836
134,1498,0,0.0,0,0.11643476778964916,0.0,True,0.0
177,12704,0,0.0,1,0.3424545733512665,13.73677904025512,False,13.73677904025512
135,3742,0,0.0,1,0.3877797401498991,86.88686273977268,False,86.88686273977268
144,8319,0,0.0,0,0.05598805713531358,0.0,True,0.0
141,1233,0,0.0,0,0.06932246432221802,0.0,True,0.0
207,6458,0,0.0,1,0.30075859863354454,289.2588306359229,False,289.2588306359229
239,7593,0,0.0,1,0.43945831554937953,1790.5830925970045,False,1790.5830925970045
166,1679,0,0.0,0,0.09551214176569284,0.0,True,0.0
236,14777,0,0.0,0,0.24387150136214286,0.0,True,0.0
133,12478,1,384.0,1,0.2504735870934667,166.89067111215752,True,217.10932888784248
138,3514,0,0.0,0,0.19907193415088112,0.0,True,0.0
180,1704,0,0.0,0,0.0898601135311557,0.0,True,0.0
231,16142,0,0.0,0,0.17300276627281994,0.0,True,0.0
126,3968,1,480.0,1,0.7610348900535504,512.7774132379849,True,32.77741323798489
229,2688,1,480.0,1,0.3366089971085545,512.2010751469622,True,32.20107514696224
137,3226,1,2600.0,1,0.30086496108063215,1820.97004335285,True,779.0299566471499
148,8722,0,0.0,0,0.18818279701910853,0.0,True,0.0
138,3032,1,10000.0,0,0.12891697273326352,0.0,False,10000.0
184,1648,0,0.0,0,0.08646484880946777,0.0,True,0.0
233,7233,1,2800.0,0,0.1202427181820417,0.0,False,2800.0
185,1584,0,0.0,0,0.15308776768066487,0.0,True,0.0
140,12758,0,0.0,1,0.32847475228010004,2979.016000650214,False,2979.016000650214
182,11866,0,0.0,0,0.23906557899252645,0.0,True,0.0
166,1561,0,0.0,0,0.06042967564039553,0.0,True,0.0
134,3229,0,0.0,0,0.08929198534595795,0.0,True,0.0
211,12481,1,150.0,0,0.21185240419335824,0.0,False,150.0
224,7916,1,40.0,1,0.4953232262413106,32.240405455431336,True,7.759594544568664
134,9086,1,128.0,1,0.31793217095426635,165.19260546550572,True,37.19260546550572
251,5214,0,0.0,0,0.13421484531350367,0.0,True,0.0
234,4925,1,240.0,1,0.35421943801610695,255.32181508289773,True,15.321815082897729
235,13914,0,0.0,0,0.12115272010202853,0.0,True,0.0
139,3708,0,0.0,0,0.12858935034287095,0.0,True,0.0
227,2688,0,0.0,0,0.22939003288335352,0.0,True,0.0
235,10876,0,0.0,0,0.17725492765403686,0.0,True,0.0
245,5472,0,0.0,1,0.35181549691609504,40.91173511599528,False,40.91173511599528
124,3226,1,120.0,1,0.569773819504694,184.73037397543035,True,64.73037397543035
230,7507,0,0.0,0,0.11533903561750522,0.0,True,0.0
134,12209,0,0.0,0,0.10531529539846726,0.0,True,0.0
129,3600,0,0.0,0,0.2042799373071641,0.0,True,0.0
222,2207,1,16.0,1,0.29486948766162485,19.4431084060045,True,3.4431084060045016
240,7534,0,0.0,0,0.20121783035186888,0.0,True,0.0
250,5479,1,600.0,1,0.3123270032773388,1088.5797886027324,True,488.5797886027324
252,5346,0,0.0,0,0.06350154420496629,0.0,True,0.0
241,7575,0,0.0,1,0.42205746269177763,3891.9011854528644,False,3891.9011854528644
143,12649,0,0.0,0,0.2057183655879695,0.0,True,0.0
224,2472,0,0.0,0,0.047338320078808636,0.0,True,0.0
147,8426,0,0.0,1,0.537977269723166,501.56173797219236,False,501.56173797219236
146,8127,0,0.0,0,0.10414137107770774,0.0,True,0.0
239,2832,0,0.0,0,0.17557518018447058,0.0,True,0.0
241,7625,0,0.0,1,0.451464852915263,3119.7325463420643,False,3119.7325463420643
230,7387,0,0.0,0,0.09845913675424406,0.0,True,0.0
251,5964,0,0.0,0,0.15102243821131478,0.0,True,0.0
173,1681,0,0.0,0,0.06585290046716169,0.0,True,0.0
216,2472,0,0.0,0,0.014244104197008632,0.0,True,0.0
138,3297,0,0.0,1,0.33840265548082804,6150.944954624276,False,6150.944954624276
221,7785,0,0.0,0,0.06525747576939175,0.0,True,0.0
141,12777,0,0.0,0,0.07583067939215347,0.0,True,0.0
220,2211,1,160.0,1,0.3668735282436509,162.60253315946397,True,2.602533159463974
134,332,1,240.0,1,0.326062313706505,223.93514026296054,True,16.064859737039455
238,2595,0,0.0,1,0.44960670563322147,156.87491092502407,False,156.87491092502407
227,14713,1,72.0,1,0.31858487911121364,145.76924056607325,True,73.76924056607325
120,3925,0,0.0,0,0.080199556459585,0.0,True,0.0
148,12663,0,0.0,1,0.27133289169004726,270.362308504638,False,270.362308504638
122,9873,0,0.0,0,0.13277933769188696,0.0,True,0.0
137,3606,0,0.0,1,0.3370245701946336,2495.1890276258073,False,2495.1890276258073
232,2583,0,0.0,0,0.16094508827915613,0.0,True,0.0
211,2308,0,0.0,0,0.06273704580642465,0.0,True,0.0
121,16381,0,0.0,0,0.20240146638232154,0.0,True,0.0
130,80,0,0.0,1,0.3741589446117321,126.02302802653017,False,126.02302802653017
230,2517,0,0.0,0,0.1217494488295539,0.0,True,0.0
178,1718,0,0.0,0,0.058136341940862125,0.0,True,0.0
242,12154,0,0.0,0,0.09229097872200477,0.0,True,0.0
131,12274,0,0.0,0,0.10510887827389387,0.0,True,0.0
211,12974,0,0.0,0,0.02783934541278653,0.0,True,0.0
192,1574,0,0.0,0,0.06655133833208773,0.0,True,0.0
125,3126,0,0.0,0,0.2315819505931118,0.0,True,0.0
131,3028,0,0.0,0,0.11351806476367597,0.0,True,0.0
139,9064,0,0.0,0,0.1176394667033576,0.0,True,0.0
144,16202,0,0.0,0,0.02003252625898264,0.0,True,0.0
229,7627,0,0.0,0,0.12247566411420306,0.0,True,0.0
253,920,0,0.0,0,0.0824600608050227,0.0,True,0.0
120,12085,0,0.0,0,0.0767399686414397,0.0,True,0.0
234,4822,0,0.0,1,0.42876045522368,705.263035097401,False,705.263035097401
146,6117,1,240.0,0,0.14976779227717063,0.0,False,240.0
184,1534,0,0.0,0,0.11501727372378091,0.0,True,0.0
126,3626,0,0.0,0,0.18379099185932402,0.0,True,0.0
202,14555,0,0.0,0,0.19561775922883312,0.0,True,0.0
209,14732,0,0.0,0,0.049601156381071265,0.0,True,0.0
234,7556,0,0.0,0,0.09618209035648918,0.0,True,0.0
139,12962,0,0.0,0,0.05885558731507436,0.0,True,0.0
252,11694,0,0.0,0,0.16647160423605675,0.0,True,0.0
192,10687,0,0.0,0,0.11382333671174086,0.0,True,0.0
125,11836,0,0.0,1,0.5237893892286871,661.059987985302,False,661.059987985302
140,3819,0,0.0,1,0.461278293852707,1421.150933370388,False,1421.150933370388
120,3533,0,0.0,0,0.06997531205237734,0.0,True,0.0
237,7596,1,1800.0,1,0.26583192429226765,1366.7623386235807,True,433.2376613764193
141,3391,0,0.0,0,0.10072091535735353,0.0,True,0.0
224,7971,0,0.0,0,0.10970160496597474,0.0,True,0.0
137,44,0,0.0,0,0.09378701109791303,0.0,True,0.0
230,7495,0,0.0,0,0.08002133934851638,0.0,True,0.0
235,13956,0,0.0,0,0.10992341014822246,0.0,True,0.0
148,14947,0,0.0,0,0.23499916801708137,0.0,True,0.0
134,3113,0,0.0,0,0.11358577751171656,0.0,True,0.0
139,93,0,0.0,0,0.02279288657163573,0.0,True,0.0
141,109,1,7200.0,0,0.10072091535735353,0.0,False,7200.0
252,5387,0,0.0,0,0.10077380379595441,0.0,True,0.0
140,3071,0,0.0,1,0.32847475228010004,2979.016000650214,False,2979.016000650214
146,8738,1,120.0,0,0.190173602950723,0.0,False,120.0
137,3791,1,1600.0,1,0.354200270564502,2050.282126441262,True,450.2821264412619
244,16469,0,0.0,0,0.11437291653716308,0.0,True,0.0
168,10626,1,800.0,1,0.4354709628859023,259.9347834064119,True,540.065216593588
146,6231,0,0.0,0,0.16147459442084414,0.0,True,0.0
228,2599,0,0.0,0,0.10147798199805283,0.0,True,0.0
213,16441,0,0.0,0,0.1490201854400352,0.0,True,0.0
136,6423,0,0.0,1,0.3779967518704469,115.81380948811555,False,115.81380948811555
244,16222,1,3200.0,0,0.12249496374269096,0.0,False,3200.0
173,1788,0,0.0,0,0.10085701588045205,0.0,True,0.0
146,12899,0,0.0,0,0.1420918648977116,0.0,True,0.0
147,8669,0,0.0,0,0.1768653034611953,0.0,True,0.0
165,3952,0,0.0,0,0.12724110546319023,0.0,True,0.0
251,5074,1,320.0,0,0.13574900404950485,0.0,False,320.0
127,3257,0,0.0,0,0.21583697803968482,0.0,True,0.0
120,3057,0,0.0,0,0.090135214850149,0.0,True,0.0
232,7556,0,0.0,0,0.13366639085956367,0.0,True,0.0
231,2908,0,0.0,0,0.13441788712626354,0.0,True,0.0
243,5249,0,0.0,0,0.025920640550685495,0.0,True,0.0
220,14774,1,380.0,1,0.39664883054757294,156.55899098484153,True,223.44100901515847
230,969,1,480.0,0,0.17838190733800277,0.0,False,480.0
131,17,1,960.0,0,0.1794912145996281,0.0,False,960.0
234,2806,0,0.0,1,0.277028484217018,294.1012436412359,False,294.1012436412359
131,3827,0,0.0,0,0.1663782057705059,0.0,True,0.0
182,1562,1,8.0,1,0.33566864705493177,42.364394170776905,True,34.364394170776905
224,10251,0,0.0,0,0.09132131922438175,0.0,True,0.0
146,13620,0,0.0,0,0.17397388810053982,0.0,True,0.0
175,1507,0,0.0,0,0.11646299550710341,0.0,True,0.0
174,12780,1,120.0,1,0.40876192739631295,78.24310143616749,True,41.75689856383251
250,5262,0,0.0,0,0.17436530672678482,0.0,True,0.0
142,1498,0,0.0,0,0.1534011525650569,0.0,True,0.0
177,1644,0,0.0,1,0.330908750525232,17.96797724400126,False,17.96797724400126
142,265,0,0.0,0,0.11679182404808808,0.0,True,0.0
237,16375,0,0.0,1,0.3228876141313207,1108.1065325444729,False,1108.1065325444729
227,14934,1,48.0,1,0.3599488013958074,169.50545390931273,True,121.50545390931273
219,7923,0,0.0,0,0.09312813655985595,0.0,True,0.0
226,11995,0,0.0,0,0.0987252493742695,0.0,True,0.0
171,1512,0,0.0,0,0.05704007677323396,0.0,True,0.0
240,14500,0,0.0,0,0.17827736017225873,0.0,True,0.0
169,1538,0,0.0,1,0.2978169406672483,178.00007084703162,False,178.00007084703162
238,12424,1,120.0,1,0.40203268317667884,189.69293693918547,True,69.69293693918547
142,1407,1,2400.0,0,0.1534011525650569,0.0,False,2400.0
141,3291,0,0.0,0,0.06087160348225673,0.0,True,0.0
253,5754,0,0.0,0,0.07228915621506245,0.0,True,0.0
191,1826,0,0.0,0,0.05234491908757756,0.0,True,0.0
244,6266,0,0.0,0,0.05152166076617751,0.0,True,0.0
125,1415,0,0.0,0,0.20384215660193053,0.0,True,0.0
236,2651,0,0.0,1,0.3643236979653541,436.29015354190426,False,436.29015354190426
131,3606,0,0.0,0,0.11121052260521912,0.0,True,0.0
121,11942,0,0.0,0,0.15505704447329463,0.0,True,0.0
175,1871,0,0.0,0,0.16490478629189217,0.0,True,0.0
253,16361,0,0.0,0,0.062230130111428215,0.0,True,0.0
182,5984,0,0.0,0,0.08205923055067997,0.0,True,0.0
223,2283,0,0.0,0,0.20242978112034032,0.0,True,0.0
186,16007,0,0.0,0,0.167198046775581,0.0,True,0.0
124,3436,1,120.0,1,0.6198903839920835,168.68992117931302,True,48.68992117931302
126,13937,1,480.0,1,0.36057682989456313,1174.7173170244043,True,694.7173170244043
250,14960,0,0.0,0,0.1305053517663678,0.0,True,0.0
231,2663,0,0.0,0,0.14094093324566678,0.0,True,0.0
221,6326,1,32.0,1,0.8110703385718947,28.887004258886552,True,3.1129957411134477
233,2935,0,0.0,0,0.13404127799007962,0.0,True,0.0
142,3459,0,0.0,1,0.34778393157227816,2611.6272493594242,False,2611.6272493594242
180,1618,0,0.0,1,0.28061316140212783,11.948423116868286,False,11.948423116868286
192,10679,0,0.0,0,0.06655133833208773,0.0,True,0.0
243,16557,0,0.0,0,0.024185828293395578,0.0,True,0.0
183,16208,1,96.0,1,0.6225937855421798,97.89454486704985,True,1.894544867049845
174,1998,1,120.0,1,0.7871277684911482,110.26196670185824,True,9.738033298141758
147,16026,0,0.0,0,0.22909893067117548,0.0,True,0.0
228,12545,0,0.0,0,0.03888236738633978,0.0,True,0.0
222,14012,0,0.0,1,0.29486948766162485,19.4431084060045,False,19.4431084060045
182,16491,0,0.0,0,0.1277324550278276,0.0,True,0.0
249,5326,0,0.0,0,0.13451336724247473,0.0,True,0.0
204,2084,0,0.0,0,0.022541450913415997,0.0,True,0.0
143,12416,1,1600.0,0,0.2432351333834824,0.0,False,1600.0
184,16164,1,12.0,1,0.6727748267430222,25.586630209601275,True,13.586630209601275
191,1594,0,0.0,0,0.06951371117526693,0.0,True,0.0
139,3738,0,0.0,1,0.2772033714515913,2196.29936978982,False,2196.29936978982
123,2,1,60.0,1,0.7685675454774779,71.07098736631961,True,11.070987366319613
129,12335,0,0.0,1,0.30467199320803806,308.8479274565017,False,308.8479274565017
135,1372,0,0.0,1,0.25883133958145665,127.38853725306609,False,127.38853725306609
247,13502,0,0.0,0,0.12718918241787971,0.0,True,0.0
252,6354,0,0.0,0,0.15445432914275561,0.0,True,0.0
130,9169,0,0.0,0,0.18422011647977118,0.0,True,0.0
147,6364,0,0.0,0,0.13030727775551124,0.0,True,0.0
133,3183,0,0.0,1,0.5868495967967374,249.9206585843845,False,249.9206585843845
233,7597,0,0.0,0,0.18156721339980408,0.0,True,0.0
234,2828,0,0.0,1,0.3532778246746321,259.1525540002357,False,259.1525540002357
213,2440,0,0.0,0,0.05531841475521469,0.0,True,0.0
209,2162,0,0.0,0,0.04444968382927524,0.0,True,0.0
125,3258,0,0.0,1,0.5740310104938525,1168.8899951405326,False,1168.8899951405326
229,10876,0,0.0,0,0.07147178969184155,0.0,True,0.0
175,1715,0,0.0,0,0.08285948486829832,0.0,True,0.0
238,7410,1,120.0,1,0.8023514236379985,146.410850560308,True,26.410850560308006
252,12701,0,0.0,0,0.06639833883764208,0.0,True,0.0
136,6467,1,160.0,1,0.7122040798600507,226.74903884472505,True,66.74903884472505
138,4839,0,0.0,0,0.12969289314808538,0.0,True,0.0
253,13919,0,0.0,0,0.08430506200554735,0.0,True,0.0
239,10875,1,6400.0,1,0.4497250308107902,5788.4688701723335,True,611.5311298276665
146,16265,0,0.0,0,0.2215831285162722,0.0,True,0.0
232,12902,0,0.0,0,0.13444822092380235,0.0,True,0.0
120,1372,0,0.0,0,0.06935749099529372,0.0,True,0.0
244,5729,0,0.0,0,0.07114430735826807,0.0,True,0.0
240,10361,0,0.0,0,0.2066257100057476,0.0,True,0.0
146,8071,0,0.0,0,0.1366494174630067,0.0,True,0.0
135,3820,1,32.0,1,0.8509386782245989,79.86641905866685,True,47.86641905866685
172,1648,0,0.0,0,0.19596506249382417,0.0,True,0.0
232,10224,0,0.0,0,0.16682880282772247,0.0,True,0.0
222,2486,0,0.0,0,0.03518127372967049,0.0,True,0.0
170,1647,1,320.0,1,0.5941202462650339,254.7080674749212,True,65.2919325250788
226,4960,0,0.0,0,0.05338873137449321,0.0,True,0.0
236,12902,0,0.0,0,0.2235883710558545,0.0,True,0.0
140,7917,1,4000.0,1,0.44300626685056765,2406.9628163345837,True,1593.0371836654163
146,11636,0,0.0,0,0.1420918648977116,0.0,True,0.0
189,1566,0,0.0,0,0.11681038763126735,0.0,True,0.0
138,1347,1,4000.0,1,0.6160167340525283,3175.5844967922917,True,824.4155032077083
138,1429,0,0.0,0,0.19907193415088112,0.0,True,0.0
238,2907,0,0.0,1,0.43826089715298266,154.8507142671226,False,154.8507142671226
234,16516,0,0.0,0,0.13604440245129712,0.0,True,0.0
221,10314,0,0.0,0,0.06525747576939175,0.0,True,0.0
141,370,0,0.0,0,0.13680336684256578,0.0,True,0.0
231,16129,0,0.0,0,0.12362360944822565,0.0,True,0.0
228,2935,0,0.0,0,0.08859034426424701,0.0,True,0.0
225,16441,0,0.0,1,0.2769703038975136,52.95306482284417,False,52.95306482284417
144,12440,0,0.0,0,0.026494915550476787,0.0,True,0.0
177,1912,0,0.0,0,0.14754461002757013,0.0,True,0.0
241,11964,1,1600.0,1,0.451464852915263,3119.7325463420643,True,1519.7325463420643
129,3452,1,16.0,1,0.6872494694831027,40.43421661488022,True,24.43421661488022
140,3513,0,0.0,1,0.4419655475412116,816.0189126850039,False,816.0189126850039
234,10316,1,240.0,0,0.20625656149965868,0.0,False,240.0
144,8348,0,0.0,0,0.0655368676911967,0.0,True,0.0
140,3226,1,4000.0,1,0.2932457379353223,2165.4681645083037,True,1834.5318354916963
130,3478,1,160.0,1,0.49743535306861214,145.99545547910049,True,14.004544520899515
176,6554,0,0.0,1,0.2700709754218356,352.6335000370329,False,352.6335000370329
234,2842,1,240.0,1,0.42876045522368,705.263035097401,True,465.26303509740103
242,2885,0,0.0,0,0.14700504403153508,0.0,True,0.0
236,7567,0,0.0,1,0.2832856757961584,937.5759265097734,False,937.5759265097734
165,10625,0,0.0,0,0.10490541302471636,0.0,True,0.0
135,3657,1,64.0,1,0.40362359637900314,105.2149123342228,True,41.2149123342228
129,180,0,0.0,1,0.3349824896529829,129.80350968963816,False,129.80350968963816
142,3712,1,3500.0,1,0.3605029915743897,2798.282151210826,True,701.7178487891738
217,7163,0,0.0,0,0.059969298391329744,0.0,True,0.0
182,1600,0,0.0,0,0.05222059830354556,0.0,True,0.0
121,3356,0,0.0,0,0.1077884047972319,0.0,True,0.0
243,5683,0,0.0,0,0.02463103748741306,0.0,True,0.0
134,199,0,0.0,0,0.21609412528980104,0.0,True,0.0
142,3214,0,0.0,0,0.06763376375813486,0.0,True,0.0
210,2213,0,0.0,0,0.07174844643305972,0.0,True,0.0
127,3219,0,0.0,1,0.43283269772919525,794.9739977228714,False,794.9739977228714
252,12935,0,0.0,0,0.12278482570863046,0.0,True,0.0
234,2965,1,240.0,1,0.3870453430607406,330.5806751737101,True,90.58067517371012
124,3404,1,900.0,1,0.3886494343990945,510.40105253664814,True,389.59894746335186
174,1892,0,0.0,1,0.2574576560603852,133.9634089726468,False,133.9634089726468
227,12838,0,0.0,1,0.3268864791016802,100.31976183785991,False,100.31976183785991
192,1546,0,0.0,0,0.0593740089509022,0.0,True,0.0
214,12974,0,0.0,0,0.09167849923493814,0.0,True,0.0
230,14516,0,0.0,0,0.09098184227624195,0.0,True,0.0
136,12209,0,0.0,0,0.19354267317806756,0.0,True,0.0
237,2759,0,0.0,1,0.2681806346124296,1001.3866658721265,False,1001.3866658721265
210,16670,0,0.0,0,0.16487941801134554,0.0,True,0.0
244,12701,0,0.0,0,0.08155730545151282,0.0,True,0.0
121,3563,0,0.0,0,0.13297545708865036,0.0,True,0.0
240,12849,0,0.0,0,0.07361685994732227,0.0,True,0.0
250,904,0,0.0,0,0.17906357755306437,0.0,True,0.0
241,7683,0,0.0,1,0.3980916427078919,1195.6459768695026,False,1195.6459768695026
126,3565,1,480.0,1,0.7319679727833744,1687.7381389287225,True,1207.7381389287225
138,3644,1,4000.0,0,0.1827482613775868,0.0,False,4000.0
131,3188,0,0.0,0,0.1136334932363329,0.0,True,0.0
253,12194,0,0.0,0,0.10640066684782645,0.0,True,0.0
125,3456,0,0.0,0,0.1651236024567777,0.0,True,0.0
129,528,0,0.0,0,0.16718383823068475,0.0,True,0.0
133,3600,0,0.0,1,0.3463207906620636,217.04013912419208,False,217.04013912419208
245,5362,0,0.0,0,0.10371833192873303,0.0,True,0.0
127,1268,0,0.0,0,0.18894394523669497,0.0,True,0.0
166,1702,0,0.0,0,0.08738452313906918,0.0,True,0.0
124,12158,0,0.0,1,0.5572874500677375,98.79067584722132,False,98.79067584722132
141,3115,1,9000.0,1,0.6107996572681793,6139.6473479456945,True,2860.3526520543055
180,1587,1,8.0,1,0.3635287666607929,18.09717975254449,True,10.097179752544491
243,5468,0,0.0,1,0.5526854893028385,461.35323592377154,False,461.35323592377154
243,5796,0,0.0,0,0.07661402425499522,0.0,True,0.0
134,3657,0,0.0,0,0.1634632580256077,0.0,True,0.0
121,45,0,0.0,0,0.20977097643189527,0.0,True,0.0
240,7511,0,0.0,0,0.20121783035186888,0.0,True,0.0
182,1566,0,0.0,0,0.045884240598519734,0.0,True,0.0
238,6760,0,0.0,0,0.15786941205886088,0.0,True,0.0
234,11923,0,0.0,0,0.1557999899196825,0.0,True,0.0
215,2332,0,0.0,0,0.09074517284883458,0.0,True,0.0
172,1813,0,0.0,1,0.48684363137918235,65.91558006318769,False,65.91558006318769
139,12726,0,0.0,0,0.21459904759853046,0.0,True,0.0
223,12822,0,0.0,0,0.08429809567720177,0.0,True,0.0
236,2608,1,480.0,1,0.3643236979653541,444.97100162411505,True,35.02899837588495
243,13501,0,0.0,0,0.029758173504300114,0.0,True,0.0
137,295,0,0.0,0,0.08626650017663089,0.0,True,0.0
130,3496,0,0.0,0,0.23723374442149403,0.0,True,0.0
238,12147,1,1500.0,1,0.5095885107844753,506.23450270445323,True,993.7654972955468
145,8297,0,0.0,0,0.08582980363546437,0.0,True,0.0
134,3902,0,0.0,0,0.09014509282605945,0.0,True,0.0
138,12678,0,0.0,0,0.15602716573901387,0.0,True,0.0
244,5229,0,0.0,0,0.07114430735826807,0.0,True,0.0
189,1581,0,0.0,0,0.0998219130853762,0.0,True,0.0
233,7657,0,0.0,0,0.10616419326100483,0.0,True,0.0
179,16233,0,0.0,0,0.20427651629891455,0.0,True,0.0
250,5148,0,0.0,0,0.18115529432810784,0.0,True,0.0
239,12755,0,0.0,0,0.13127117453129497,0.0,True,0.0
232,7525,0,0.0,0,0.24251281745243883,0.0,True,0.0
143,12596,1,750.0,0,0.2137470927287809,0.0,False,750.0
140,387,0,0.0,0,0.24473288012481845,0.0,True,0.0
219,2260,0,0.0,1,0.5237041317115962,29.434552464821692,False,29.434552464821692
186,1597,0,0.0,0,0.18393237166039894,0.0,True,0.0
238,2770,1,120.0,1,0.5591359253348461,159.97739853357805,True,39.977398533578054
139,12496,0,0.0,1,0.2690090152653657,1905.589508655434,False,1905.589508655434
233,16373,0,0.0,0,0.12283905924701512,0.0,True,0.0
173,5914,0,0.0,0,0.05903927788981267,0.0,True,0.0
133,9144,1,480.0,1,0.8571083661126268,178.7051790848732,True,301.2948209151268
252,5243,0,0.0,0,0.039033631484530915,0.0,True,0.0
127,3250,1,480.0,1,0.5668229523968116,867.2714305666104,True,387.27143056661043
247,6988,0,0.0,0,0.19066427327581859,0.0,True,0.0
129,12785,1,240.0,0,0.2313957369843529,0.0,False,240.0
241,2583,1,2400.0,1,0.510404298161768,3382.116909848053,True,982.1169098480532
237,10319,0,0.0,1,0.26323583691090874,350.4991043486218,False,350.4991043486218
235,7269,1,1140.0,1,0.3162248811771515,1215.5495447709543,True,75.5495447709543
237,7241,0,0.0,1,0.26553135635353997,360.5708520380654,False,360.5708520380654
144,6796,0,0.0,1,0.309920676104754,2161.5414716204746,False,2161.5414716204746
220,7850,0,0.0,1,0.39179360365642407,141.5374231292203,False,141.5374231292203
125,1418,1,480.0,1,0.30362361809699895,860.6808572031549,True,380.6808572031549
171,1991,0,0.0,0,0.14899801542330268,0.0,True,0.0
249,6370,0,0.0,0,0.0892244741994331,0.0,True,0.0
148,12741,0,0.0,0,0.14642118978227053,0.0,True,0.0
240,16141,0,0.0,0,0.08446605944164218,0.0,True,0.0
175,14703,1,160.0,1,0.4307346141431823,51.61889077668584,True,108.38110922331416
145,13620,0,0.0,0,0.100181317657795,0.0,True,0.0
173,1618,1,80.0,1,0.6708369999037244,44.7169700150661,True,35.2830299849339
168,16164,0,0.0,1,0.5504441381098107,164.9278645499524,False,164.9278645499524
170,1824,0,0.0,1,0.4090713715646331,138.773259481926,False,138.773259481926
226,6326,1,240.0,1,0.4543367633109926,292.78788134321434,True,52.78788134321434
156,4070,0,0.0,0,0.08194227498129837,0.0,True,0.0
140,1276,1,4000.0,1,0.5346471442556169,3749.279549928131,True,250.72045007186898
230,12755,0,0.0,0,0.14223357829365746,0.0,True,0.0
147,12044,0,0.0,0,0.16010136689205323,0.0,True,0.0
135,281,1,160.0,1,0.6265732404412797,127.38853725306609,True,32.61146274693391
222,7754,0,0.0,0,0.22848171540393306,0.0,True,0.0
244,13502,0,0.0,0,0.08372109028986087,0.0,True,0.0
240,16169,0,0.0,0,0.08766748107591792,0.0,True,0.0
229,13742,0,0.0,0,0.08523489755555294,0.0,True,0.0
124,6640,0,0.0,1,0.5932967104664544,184.3118141159215,False,184.3118141159215
136,265,0,0.0,0,0.2148018289730721,0.0,True,0.0
242,16341,0,0.0,0,0.09492535181152661,0.0,True,0.0
243,790,0,0.0,1,0.41267135274994593,504.7471231371836,False,504.7471231371836
135,1295,1,64.0,1,0.4811427628863202,119.70033135322947,True,55.70033135322947
225,2237,1,200.0,1,0.7061918769581261,84.7405054656301,True,115.2594945343699
179,1915,1,4.0,1,0.5425639678447706,10.97907034341363,True,6.97907034341363
138,12212,0,0.0,1,0.33840265548082804,6150.944954624276,False,6150.944954624276
227,7307,1,285.0,1,0.36905334264006423,117.42796890229188,True,167.57203109770813
141,3737,1,48000.0,0,0.13286331270087745,0.0,False,48000.0
244,14962,0,0.0,0,0.05971490005689284,0.0,True,0.0
120,12774,0,0.0,0,0.0836712242360906,0.0,True,0.0
172,16615,1,120.0,0,0.2482274418003274,0.0,False,120.0
245,5792,1,200.0,1,0.3971105360822396,162.51484606443972,True,37.48515393556028
166,16090,0,0.0,0,0.13466860995719818,0.0,True,0.0
133,3356,1,64.0,1,0.33679768950768924,161.52709935896047,True,97.52709935896047
148,8115,0,0.0,0,0.20020436402153577,0.0,True,0.0
133,306,0,0.0,1,0.4599514550605153,136.40188837512676,False,136.40188837512676
180,12720,1,8.0,0,0.24024151305916247,0.0,False,8.0
241,2552,0,0.0,1,0.34640276250276575,3444.065460840865,False,3444.065460840865
186,1570,1,40.0,1,0.6075121533317607,36.910629372672034,True,3.089370627327966
253,12449,0,0.0,0,0.10069782092162437,0.0,True,0.0
223,2456,0,0.0,0,0.2006933528564452,0.0,True,0.0
142,207,1,3200.0,0,0.09685779816291708,0.0,False,3200.0
146,8339,0,0.0,0,0.12105802624296458,0.0,True,0.0
134,3340,1,320.0,1,0.5730906787175728,119.38985804150583,True,200.61014195849418
133,3639,1,64.0,1,0.5044323255765003,227.43814065962007,True,163.43814065962007
234,16354,1,120.0,1,0.2840386227879768,297.2049578236712,True,177.20495782367118
141,3428,0,0.0,0,0.08521431641903073,0.0,True,0.0
242,16372,1,23100.0,0,0.1802165949375638,0.0,False,23100.0
140,267,0,0.0,0,0.1241378864830851,0.0,True,0.0
221,12668,0,0.0,0,0.05680659395240265,0.0,True,0.0
216,16293,0,0.0,0,0.10040173164076055,0.0,True,0.0
141,76,0,0.0,0,0.05034121393515292,0.0,True,0.0
239,7270,0,0.0,1,0.36899221008596456,4972.079193940511,False,4972.079193940511
127,3837,0,0.0,1,0.5668229523968116,867.2714305666104,False,867.2714305666104
207,2013,0,0.0,0,0.2059665349766228,0.0,True,0.0
122,528,0,0.0,0,0.07315555956593119,0.0,True,0.0
126,53,0,0.0,0,0.2267331673501555,0.0,True,0.0
231,7981,0,0.0,0,0.1258817255500675,0.0,True,0.0
166,1521,0,0.0,0,0.15565645959866753,0.0,True,0.0
126,4847,0,0.0,0,0.10576464055693761,0.0,True,0.0
232,2552,0,0.0,0,0.1706333839904258,0.0,True,0.0
228,16174,0,0.0,0,0.026720403890620543,0.0,True,0.0
247,5559,1,280.0,1,0.37910558941263683,89.22170597006367,True,190.77829402993632
186,1610,1,20.0,1,0.35760608062066834,36.83868057819915,True,16.838680578199153
211,2483,0,0.0,0,0.10757436837232494,0.0,True,0.0
248,5792,0,0.0,0,0.14971936905401081,0.0,True,0.0
126,221,0,0.0,0,0.2118573722315818,0.0,True,0.0
168,1648,1,640.0,1,0.32818727161241923,240.90052423493404,True,399.09947576506596
183,1510,1,12.0,1,0.3872766115925683,75.28189809314553,True,63.28189809314553
239,7367,0,0.0,1,0.5360101677266177,3743.3306090155434,False,3743.3306090155434
184,1584,1,12.0,0,0.19435706815003376,0.0,False,12.0
142,192,0,0.0,0,0.11088757933397997,0.0,True,0.0
242,2933,0,0.0,0,0.1802165949375638,0.0,True,0.0
229,7556,0,0.0,0,0.0628542751885436,0.0,True,0.0
251,12920,1,1240.0,1,0.3003392906437066,916.8699282044048,True,323.1300717955952
235,12688,0,0.0,0,0.1714943070027587,0.0,True,0.0
240,16464,1,60.0,1,0.4115293245076419,83.13215427505286,True,23.132154275052855
162,4619,0,0.0,0,0.05653172830306212,0.0,True,0.0
139,946,1,2000.0,0,0.2066430819875982,0.0,False,2000.0
136,197,0,0.0,1,0.2745368945106281,225.98336313229936,False,225.98336313229936
235,7095,0,0.0,0,0.12760377574923812,0.0,True,0.0
210,2257,0,0.0,0,0.09961938799791623,0.0,True,0.0
140,288,1,400.0,0,0.14444634243474927,0.0,False,400.0
244,10446,0,0.0,0,0.06418591671096219,0.0,True,0.0
187,16703,0,0.0,0,0.2377293608728464,0.0,True,0.0
244,5548,0,0.0,0,0.09007880020616563,0.0,True,0.0
203,12722,0,0.0,1,0.5320756500708873,72.68306665462579,False,72.68306665462579
124,3211,1,120.0,1,0.5572874500677375,98.79067584722132,True,21.209324152778677
212,12974,0,0.0,0,0.17847596103998448,0.0,True,0.0
145,16718,0,0.0,0,0.07106299479455223,0.0,True,0.0
245,5865,0,0.0,0,0.1593386812703457,0.0,True,0.0
253,5439,0,0.0,0,0.09591643352140738,0.0,True,0.0
127,12785,0,0.0,0,0.15895591024798733,0.0,True,0.0
124,3357,1,240.0,1,0.39663358420921274,177.79282403518607,True,62.20717596481393
222,2241,0,0.0,1,0.38435348486682175,19.4431084060045,False,19.4431084060045
169,1856,1,160.0,1,0.37695699015517187,205.79600001127287,True,45.79600001127287
237,2840,0,0.0,1,0.33588372085173834,434.2450786129834,False,434.2450786129834
211,11952,0,0.0,0,0.07385406869977423,0.0,True,0.0
230,7241,0,0.0,0,0.1222392297494699,0.0,True,0.0
131,3729,0,0.0,0,0.12242503795352797,0.0,True,0.0
139,3428,0,0.0,0,0.12401276328533371,0.0,True,0.0
174,11578,1,360.0,1,0.38345128126254824,109.3362281569635,True,250.6637718430365
218,12029,1,1200.0,0,0.1645871860367051,0.0,False,1200.0
227,2758,1,36.0,1,0.483145149130138,90.87080918237369,True,54.87080918237369
139,1289,0,0.0,0,0.10365842597784947,0.0,True,0.0
249,853,0,0.0,0,0.061775745489623876,0.0,True,0.0
212,11623,0,0.0,0,0.1429552407725536,0.0,True,0.0
167,1626,0,0.0,0,0.08037116851012466,0.0,True,0.0
129,293,0,0.0,0,0.16763238778561257,0.0,True,0.0
232,16355,0,0.0,0,0.17620054984977054,0.0,True,0.0
129,7917,0,0.0,1,0.2547310210593629,444.3503894789314,False,444.3503894789314
126,1498,0,0.0,0,0.18528546087415423,0.0,True,0.0
223,6891,0,0.0,0,0.2173798258945804,0.0,True,0.0
182,1991,0,0.0,0,0.07572524916415171,0.0,True,0.0
122,160,0,0.0,0,0.1709827440096635,0.0,True,0.0
233,7367,1,1200.0,0,0.15815622432019213,0.0,False,1200.0
208,16451,1,3500.0,1,0.6390320045093273,3027.716084123107,True,472.28391587689293
246,12408,0,0.0,0,0.18397626058950386,0.0,True,0.0
242,2760,0,0.0,0,0.14626895659540262,0.0,True,0.0
252,920,0,0.0,0,0.09101436356092472,0.0,True,0.0
235,7422,1,240.0,1,0.28461135543488,333.1552904083458,True,93.15529040834582
244,697,0,0.0,0,0.043805643331311976,0.0,True,0.0
