ID_LOCALIZACION,Exactitud,Tasa_Real_Reposición,Tasa_Pred_Reposición,Error_Medio_Cantidad
2,1.0,1.0,1.0,276.9142150878906
19,0.0,0.0,1.0,2037.7353515625
23,1.0,0.0,0.0,3600.0
31,1.0,0.0,0.0,920.0
45,0.0,0.0,1.0,2185.5986328125
55,0.0,0.0,1.0,1036.72314453125
57,1.0,1.0,1.0,437.3148193359375
61,1.0,1.0,1.0,789.4396565755209
65,0.0,0.0,1.0,1714.017822265625
74,0.0,1.0,0.0,640.0
76,0.0,0.0,1.0,1541.734375
80,0.0,0.0,1.0,420.9030456542969
93,0.5,0.0,0.5,275.5718994140625
102,0.0,0.0,1.0,371.5086364746094
108,1.0,1.0,1.0,1721.3408203125
109,0.0,1.0,0.0,7200.0
115,1.0,0.5,0.5,208.5912322998047
120,0.0,0.0,1.0,1644.8009033203125
125,1.0,0.5,0.5,237.48617553710938
129,0.5,0.0,0.5,441.187255859375
141,0.0,0.0,1.0,333.68780517578125
143,1.0,0.0,0.0,200.0
147,1.0,1.0,1.0,293.4848937988281
149,0.6666666666666666,0.0,0.3333333333333333,367.4354654947917
151,1.0,0.0,0.0,700.0
153,0.0,0.0,1.0,1341.2392578125
157,1.0,0.0,0.0,0.0
160,0.5,0.5,1.0,1746.473388671875
161,1.0,0.0,0.0,1000.0
164,1.0,0.0,0.0,0.0
165,0.0,0.0,1.0,383.0709533691406
169,0.0,0.0,1.0,347.2852478027344
170,0.0,0.0,1.0,1870.818115234375
180,1.0,1.0,1.0,145.1744384765625
187,0.0,0.0,1.0,1869.81201171875
190,0.0,0.0,1.0,455.5715026855469
192,0.0,0.0,1.0,1723.453857421875
197,0.0,0.0,1.0,867.6530151367188
199,0.0,0.0,1.0,1371.009765625
207,0.0,0.0,1.0,874.2396240234375
208,0.0,0.0,1.0,610.7982788085938
209,0.5,0.0,0.5,339.3506774902344
212,0.0,0.0,1.0,227.38864135742188
221,0.0,0.0,1.0,1387.7720947265625
222,0.5,0.5,0.5,1232.7557220458984
229,1.0,0.0,0.0,833.3333333333334
233,0.0,0.0,1.0,420.8231506347656
238,0.0,0.0,1.0,2061.765380859375
247,0.0,0.0,1.0,475.6441650390625
250,0.0,0.0,1.0,825.306396484375
256,0.0,0.0,1.0,1710.1182861328125
258,0.0,0.0,1.0,2007.771728515625
261,0.0,0.0,1.0,571.380615234375
266,1.0,0.0,0.0,0.0
267,0.0,0.0,1.0,1775.697509765625
280,1.0,1.0,1.0,488.24798583984375
281,1.0,0.0,0.0,6000.0
286,0.0,0.0,1.0,280.1257019042969
288,0.0,0.0,1.0,2147.781005859375
290,0.5,0.5,1.0,1257.2402038574219
291,1.0,0.0,0.0,0.0
293,0.5,0.5,1.0,645.9175109863281
295,1.0,0.0,0.0,0.0
296,0.0,0.0,1.0,2204.5859375
306,0.0,0.0,1.0,577.3364868164062
322,0.0,0.0,1.0,602.729248046875
329,1.0,1.0,1.0,101.91029815673828
341,0.0,0.0,1.0,2621.485107421875
368,0.0,0.0,1.0,6324.115234375
370,0.0,0.0,1.0,3187.623046875
379,0.0,0.0,1.0,728.925048828125
393,1.0,1.0,1.0,2365.5859375
523,1.0,1.0,1.0,291.37335205078125
526,0.0,0.0,1.0,668.7766418457031
694,1.0,0.5,0.5,422.2275695800781
696,1.0,0.0,0.0,0.0
746,0.5,0.0,0.5,381.5406494140625
755,1.0,0.0,0.0,140.0
790,0.0,0.0,1.0,995.6216430664062
831,1.0,1.0,1.0,645.2755126953125
893,1.0,0.0,0.0,4080.0
911,0.5,0.5,1.0,1325.812744140625
916,0.0,0.0,1.0,1356.342041015625
946,1.0,1.0,1.0,1116.1181640625
986,0.0,0.0,1.0,1239.5775146484375
1181,1.0,0.0,0.0,550.0
1233,0.0,0.0,1.0,1548.2962341308594
1247,1.0,1.0,1.0,449.522705078125
1265,0.0,0.0,1.0,1223.858154296875
1279,0.0,0.0,1.0,3348.0966796875
1289,0.5,0.5,1.0,1574.00341796875
1295,1.0,1.0,1.0,682.7850341796875
1314,0.0,0.0,1.0,927.682861328125
1332,0.0,0.0,1.0,868.6531372070312
1347,0.5,0.5,1.0,1539.6405334472656
1380,1.0,0.0,0.0,400.0
1407,1.0,1.0,1.0,2103.53466796875
1411,0.0,0.0,1.0,2701.576171875
1415,0.0,0.0,1.0,848.8521728515625
1420,0.0,0.0,1.0,768.076904296875
1429,0.0,0.0,1.0,1406.4952392578125
1460,0.0,0.0,1.0,3526.940673828125
1486,0.0,0.0,1.0,16591.935546875
1498,0.0,0.0,1.0,945.0176391601562
1507,0.0,0.0,1.0,1127.647216796875
1512,1.0,0.0,0.0,13.266666666666666
1520,0.0,0.0,1.0,276.3466491699219
1522,0.0,0.0,1.0,1079.9696044921875
1528,0.0,0.0,1.0,120.4991455078125
1529,0.0,0.0,1.0,258.0222473144531
1534,0.0,0.0,1.0,153.163330078125
1542,0.0,0.0,1.0,639.3777465820312
1551,0.0,0.0,1.0,693.8526000976562
1553,0.0,0.0,1.0,258.79840087890625
1557,0.0,0.0,1.0,714.470458984375
1566,1.0,0.0,0.0,0.0
1568,0.0,0.0,1.0,179.857421875
1574,1.0,0.0,0.0,0.0
1581,0.0,0.0,1.0,371.0218200683594
1582,0.0,0.0,1.0,387.49609375
1585,0.5,0.5,1.0,329.8766174316406
1586,0.0,0.0,1.0,289.9472351074219
1588,0.0,0.0,1.0,219.1212158203125
1593,0.0,0.0,1.0,271.3354187011719
1596,0.5,0.5,1.0,301.4213104248047
1598,1.0,1.0,1.0,202.94822692871094
1599,1.0,1.0,1.0,239.31484985351562
1600,0.5,0.0,0.5,281.9093322753906
1617,1.0,1.0,1.0,149.38421630859375
1626,1.0,0.5,0.5,402.9051513671875
1645,1.0,1.0,1.0,508.62249755859375
1648,0.5,0.5,1.0,257.2452087402344
1657,0.0,0.0,1.0,366.5654602050781
1674,0.0,0.0,1.0,282.9228515625
1679,0.0,0.0,1.0,361.8690490722656
1681,0.0,0.0,1.0,274.918701171875
1685,1.0,0.0,0.0,0.8000000000000007
1702,1.0,1.0,1.0,359.4906921386719
1715,0.0,0.0,1.0,44.492095947265625
1718,0.5,0.0,0.5,400.3708190917969
1721,0.0,0.0,1.0,381.940673828125
1736,0.0,0.0,1.0,336.8664855957031
1746,0.0,0.0,1.0,259.6605529785156
1753,0.0,0.0,1.0,243.42620849609375
1766,0.0,0.0,1.0,246.0926971435547
1767,0.0,0.0,1.0,376.3150329589844
1783,0.0,0.0,1.0,118.29710388183594
1788,0.0,0.0,1.0,316.86395263671875
1813,0.0,0.0,1.0,165.27008056640625
1824,0.6666666666666666,0.6666666666666666,1.0,343.72654978434247
1826,1.0,1.0,1.0,1302.55078125
1834,0.0,0.0,1.0,110.30827026367187
1839,0.0,0.0,1.0,28.241173553466798
1871,0.5,0.5,1.0,268.11470794677734
1885,1.0,1.0,1.0,72.86828308105468
1892,0.0,0.0,1.0,556.2109375
1899,0.0,0.0,1.0,523.402577718099
1902,0.5,0.5,1.0,212.50389099121094
1905,0.5,0.0,0.5,395.1585998535156
1912,0.0,0.0,1.0,38.46768798828125
1915,1.0,1.0,1.0,43.78105163574219
1956,1.0,0.0,0.0,0.0
1958,0.0,0.0,1.0,260.2252197265625
1962,0.0,0.0,1.0,399.1412048339844
1964,0.0,0.0,1.0,857.7804565429688
1966,0.0,0.0,1.0,262.9774169921875
1968,1.0,0.5,0.5,235.65542602539062
1971,0.0,0.0,1.0,327.3194885253906
1972,0.0,0.0,1.0,149.14044189453125
1974,1.0,0.0,0.0,0.0
1984,1.0,1.0,1.0,623.0435791015625
1985,0.0,0.0,1.0,204.42105102539062
1990,1.0,1.0,1.0,148.47345275878905
1991,0.5,0.0,0.5,185.7886199951172
2023,1.0,0.0,0.0,0.0
2053,1.0,0.0,0.0,200.0
2062,1.0,1.0,1.0,387.43310546875
2065,1.0,0.0,0.0,0.0
2078,1.0,1.0,1.0,373.45556640625
2097,1.0,1.0,1.0,629.2616577148438
2126,0.0,0.0,1.0,708.3714599609375
2128,0.0,0.0,1.0,460.535888671875
2131,1.0,0.0,0.0,0.0
2150,1.0,0.0,0.0,0.0
2152,1.0,0.0,0.0,0.0
2162,1.0,0.0,0.0,0.0
2164,1.0,1.0,1.0,392.83282470703125
2166,1.0,1.0,1.0,286.91064453125
2170,1.0,0.0,0.0,0.0
2211,1.0,0.0,0.0,0.0
2213,1.0,0.0,0.0,0.0
2215,0.0,0.0,1.0,695.8807983398438
2218,0.0,0.0,1.0,251.523681640625
2237,1.0,1.0,1.0,83.4998779296875
2241,0.0,0.0,1.0,272.8052520751953
2257,0.6666666666666666,0.0,0.3333333333333333,181.75408935546875
2260,1.0,0.0,0.0,0.0
2277,0.0,0.0,1.0,258.6606750488281
2283,0.0,0.0,1.0,482.26641845703125
2292,1.0,0.0,0.0,0.0
2295,0.5,0.5,1.0,324.12296295166016
2308,0.0,0.0,1.0,389.60105895996094
2322,0.0,0.0,1.0,152.49513244628906
2332,1.0,0.0,0.0,0.0
2342,0.0,0.0,1.0,349.15552520751953
2343,0.6666666666666666,0.0,0.3333333333333333,214.12662760416666
2350,1.0,0.5,0.5,33.93731689453125
2375,1.0,0.0,0.0,0.0
2377,0.5,0.5,1.0,677.7199401855469
2394,0.0,0.0,1.0,427.2901611328125
2405,0.0,0.0,1.0,125.68743896484375
2413,0.0,0.0,1.0,137.6602783203125
2416,0.0,0.0,1.0,564.3202514648438
2418,1.0,0.0,0.0,0.0
2425,1.0,0.0,0.0,150.0
2439,1.0,0.0,0.0,0.0
2440,0.6666666666666666,0.0,0.3333333333333333,61.261271158854164
2450,1.0,1.0,1.0,225.21356201171875
2456,0.0,0.0,1.0,267.4317626953125
2472,1.0,0.3333333333333333,0.3333333333333333,112.86032104492188
2473,0.0,0.0,1.0,400.76954650878906
2476,0.0,0.0,1.0,352.82904052734375
2483,0.5,0.0,0.5,475.2322998046875
2484,1.0,0.0,0.0,0.0
2497,0.0,0.0,1.0,551.34521484375
2512,0.5,0.5,1.0,527.0695190429688
2525,0.0,0.0,1.0,867.171875
2529,0.0,0.0,1.0,1055.9111938476562
2535,0.0,0.0,1.0,2102.31201171875
2548,1.0,1.0,1.0,1103.5843505859375
2552,0.0,0.0,1.0,6892.59716796875
2562,0.0,0.0,1.0,1216.9981689453125
2573,0.0,0.0,1.0,978.0450439453125
2583,1.0,1.0,1.0,4439.6728515625
2618,0.0,0.0,1.0,1736.014404296875
2624,0.0,0.0,1.0,7942.42041015625
2628,0.0,0.0,1.0,490.322021484375
2639,0.0,0.0,1.0,1039.258544921875
2642,0.0,0.0,1.0,1055.7323303222656
2646,1.0,1.0,1.0,1020.3343505859375
2652,0.0,0.0,1.0,2581.793701171875
2663,0.0,0.0,1.0,2681.759063720703
2664,0.0,0.0,1.0,566.7744140625
2670,1.0,0.0,0.0,60.0
2683,0.0,0.0,1.0,1367.9354248046875
2688,0.5,0.5,1.0,562.4130554199219
2691,1.0,1.0,1.0,3468.0986328125
2699,0.0,0.0,1.0,720.2836303710938
2714,1.0,1.0,1.0,363.3787841796875
2728,0.5,0.0,0.5,927.9539794921875
2734,0.0,0.0,1.0,9679.9931640625
2739,0.0,0.0,1.0,1689.93505859375
2743,0.0,0.0,1.0,822.1799926757812
2758,1.0,1.0,1.0,938.0804036458334
2760,0.0,0.0,1.0,3183.150634765625
2769,0.0,0.0,1.0,2403.623291015625
2770,1.0,1.0,1.0,428.0745849609375
2774,1.0,0.0,0.0,0.0
2779,0.0,0.0,1.0,972.56103515625
2783,1.0,1.0,1.0,467.0577392578125
2785,1.0,1.0,1.0,635.5873413085938
2794,0.0,0.0,1.0,926.5821533203125
2805,1.0,1.0,1.0,2181.609130859375
2806,0.0,0.0,1.0,635.5328369140625
2823,0.0,0.0,1.0,1169.303955078125
2825,1.0,1.0,1.0,1268.2403564453125
2832,0.0,0.0,1.0,5372.93359375
2840,0.0,0.0,1.0,1318.8118896484375
2841,0.0,0.0,1.0,8839.9931640625
2842,1.0,1.0,1.0,2278.015869140625
2848,0.0,0.0,1.0,1692.1505126953125
2852,0.0,0.0,1.0,5222.8740234375
2857,0.0,0.0,1.0,929.8546142578125
2859,0.0,0.0,1.0,1486.9215087890625
2875,0.0,0.0,1.0,663.720458984375
2882,0.0,0.0,1.0,1389.7130126953125
2892,0.0,0.0,1.0,7868.0986328125
2908,0.0,0.0,1.0,2811.93359375
2909,0.5,0.5,1.0,1556.7781982421875
2928,0.0,0.0,1.0,1904.040771484375
2935,1.0,0.0,0.0,0.0
2939,0.0,0.0,1.0,1635.384521484375
2954,1.0,1.0,1.0,1694.931640625
2955,1.0,1.0,1.0,6660.888671875
2956,0.0,0.0,1.0,1024.4273681640625
2963,0.0,0.0,1.0,6760.1044921875
2965,1.0,1.0,1.0,1111.931396484375
2978,0.0,0.0,1.0,323.0162658691406
2980,0.0,0.0,1.0,1220.077392578125
2984,0.0,0.0,1.0,1333.1630859375
2987,0.0,0.0,1.0,338.8465576171875
2989,0.0,0.0,1.0,2552.3577880859375
2994,0.0,0.0,1.0,1527.1593017578125
3003,0.0,0.0,1.0,19618.814453125
3019,0.0,0.0,1.0,685.7971496582031
3029,0.0,0.0,1.0,2034.7026977539062
3032,0.0,0.0,1.0,4304.43603515625
3047,0.5,0.5,1.0,8877.836059570312
3061,0.0,0.0,1.0,8415.82666015625
3071,0.0,0.0,1.0,7261.392578125
3077,1.0,1.0,1.0,628.8168640136719
3085,0.5,0.5,1.0,2637.963134765625
3125,0.0,0.0,1.0,8884.287109375
3126,0.3333333333333333,0.3333333333333333,1.0,1251.7783610026042
3137,0.0,0.0,1.0,2382.3227335611978
3167,0.0,0.0,1.0,5320.48876953125
3173,1.0,1.0,1.0,1483.562744140625
3179,0.0,0.0,1.0,470.39556884765625
3183,0.0,0.0,1.0,1140.291015625
3189,0.0,0.0,1.0,666.967529296875
3195,0.0,0.0,1.0,2962.810791015625
3198,0.5,0.0,0.5,1014.0699462890625
3210,0.0,0.0,1.0,4945.281982421875
3211,0.0,0.0,1.0,308.0503845214844
3219,0.0,0.0,1.0,1221.6932373046875
3226,1.0,1.0,1.0,287.52490234375
3229,1.0,1.0,1.0,984.126708984375
3230,1.0,1.0,1.0,101.16510009765625
3231,1.0,0.0,0.0,4500.0
3253,0.0,0.0,1.0,781.6242065429688
3254,0.0,0.0,1.0,3169.110107421875
3256,0.0,0.0,1.0,245.24652099609375
3259,0.0,0.0,1.0,4636.71240234375
3269,0.5,0.5,1.0,2073.0591430664062
3273,0.0,0.0,1.0,1836.887939453125
3275,0.0,0.0,1.0,1743.49560546875
3279,0.0,0.0,1.0,932.5557861328125
3297,0.0,0.0,1.0,8312.4140625
3299,0.0,0.0,1.0,6795.7763671875
3309,1.0,1.0,1.0,832.759521484375
3311,0.0,0.0,1.0,1902.2839050292969
3314,0.0,0.0,1.0,3809.017578125
3316,0.0,0.0,1.0,521.5568237304688
3335,0.0,0.0,1.0,8884.287109375
3337,0.0,0.0,1.0,698.2747192382812
3352,1.0,0.0,0.0,0.0
3356,0.5,0.5,1.0,2589.8150024414062
3367,0.5,0.5,1.0,898.0636901855469
3373,0.0,0.0,1.0,12727.4931640625
3402,0.0,0.0,1.0,4590.27392578125
3404,1.0,1.0,1.0,1244.75244140625
3406,0.5,0.5,1.0,2343.211212158203
3413,0.0,0.0,1.0,1825.4290771484375
3418,0.0,0.0,1.0,259.4762268066406
3421,0.0,0.0,1.0,3526.940673828125
3425,1.0,1.0,1.0,20.87457275390625
3430,0.0,0.0,1.0,827.5496826171875
3433,0.0,0.0,1.0,1787.9267578125
3435,0.5,0.5,1.0,210.6406707763672
3436,1.0,1.0,1.0,446.502197265625
3437,0.0,0.0,1.0,1964.0771484375
3474,0.5,0.5,1.0,1045.3988342285156
3478,1.0,1.0,1.0,198.994873046875
3482,0.0,0.0,1.0,7738.1112060546875
3497,0.0,0.0,1.0,1394.5228271484375
3499,1.0,1.0,1.0,743.3991088867188
3500,1.0,1.0,1.0,1283.3310546875
3504,1.0,1.0,1.0,1101.576171875
3512,0.0,0.0,1.0,1942.23388671875
3513,0.0,0.0,1.0,2510.2237548828125
3514,0.0,0.0,1.0,6096.050720214844
3530,0.5,0.0,0.5,1413.371337890625
3533,0.0,0.0,1.0,1691.8758951822917
3534,0.0,0.0,1.0,2861.3408203125
3547,0.0,0.0,1.0,975.682861328125
3548,0.0,0.0,1.0,718.9531860351562
3549,1.0,0.0,0.0,0.0
3565,1.0,1.0,1.0,1941.044189453125
3571,0.0,0.0,1.0,715.4925537109375
3573,0.5,0.5,1.0,1139.5614013671875
3575,0.5,0.0,0.5,4493.77587890625
3585,0.0,0.0,1.0,12389.517578125
3590,0.0,0.0,1.0,943.918701171875
3600,0.0,0.0,1.0,806.1290893554688
3602,0.0,0.0,1.0,512.655029296875
3606,0.0,0.0,1.0,1392.7667236328125
3607,0.0,0.0,1.0,1077.3466796875
3622,1.0,1.0,1.0,1655.39111328125
3626,0.0,0.0,1.0,1406.4952392578125
3643,0.0,0.0,1.0,1192.9409484863281
3644,1.0,1.0,1.0,2090.21630859375
3648,1.0,1.0,1.0,3859.1298828125
3657,0.3333333333333333,0.3333333333333333,1.0,813.8428955078125
3669,0.0,0.0,1.0,739.6260375976562
3677,0.0,0.0,1.0,1538.206787109375
3680,1.0,0.5,0.5,375.23468017578125
3681,0.0,0.0,1.0,2996.1318359375
3688,0.0,0.0,1.0,5320.48876953125
3694,0.0,0.0,1.0,2062.88427734375
3708,0.0,0.0,1.0,2867.754150390625
3729,0.0,0.0,1.0,1922.39892578125
3737,0.0,0.0,1.0,495.85992431640625
3738,0.0,0.0,1.0,6329.96728515625
3739,0.0,0.0,1.0,2810.21630859375
3740,1.0,1.0,1.0,2192.11767578125
3748,1.0,1.0,1.0,976.013916015625
3758,0.0,0.0,1.0,925.2210693359375
3768,0.0,0.0,1.0,5005.208984375
3791,0.5,0.5,1.0,2445.01611328125
3793,0.0,0.0,1.0,814.6456298828125
3800,0.0,0.0,1.0,358.994873046875
3801,0.0,0.0,1.0,4620.0361328125
3807,1.0,0.5,0.5,3647.88818359375
3819,0.0,0.0,1.0,3165.5859375
3820,1.0,1.0,1.0,506.15771484375
3826,1.0,1.0,1.0,928.566650390625
3837,0.0,0.0,1.0,814.0595703125
3873,1.0,1.0,1.0,2184.07373046875
3881,0.0,0.0,1.0,251.38490295410156
3889,0.5,0.5,1.0,1149.5709228515625
3925,0.0,0.0,1.0,2307.343017578125
3944,0.0,0.0,1.0,1331.009765625
3952,0.0,0.0,1.0,155.3270263671875
4007,0.0,0.0,1.0,1551.6005859375
4232,0.0,0.0,1.0,285.7867736816406
4619,0.0,0.0,1.0,1473.87158203125
4703,0.5,0.5,1.0,3390.9723510742188
4714,0.0,0.0,1.0,355.8623962402344
4822,0.0,0.5,0.5,72959.00793457031
4858,1.0,0.0,0.0,0.0
4925,0.5,0.5,1.0,937.7233276367188
4939,0.0,0.0,1.0,5401.3974609375
4943,0.3333333333333333,0.3333333333333333,1.0,1467.4888916015625
4960,0.0,0.0,1.0,487.18206787109375
5021,1.0,1.0,1.0,707.0624389648438
5036,0.0,0.0,1.0,589.293701171875
5045,1.0,0.0,0.0,0.0
5072,1.0,1.0,1.0,491.5035400390625
5120,1.0,1.0,1.0,567.0624389648438
5137,0.0,0.0,1.0,849.641845703125
5147,0.0,0.0,1.0,380.02398681640625
5148,1.0,0.0,0.0,0.0
5184,0.0,0.0,1.0,1005.4794921875
5185,1.0,1.0,1.0,806.8588256835938
5191,1.0,0.0,0.0,0.0
5193,0.0,0.0,1.0,21.62554931640625
5197,0.0,0.0,1.0,630.2677612304688
5214,0.0,0.0,1.0,686.8588256835938
5215,1.0,0.0,0.0,0.0
5220,0.0,0.0,1.0,888.282470703125
5226,1.0,0.0,0.0,0.0
5227,1.0,1.0,1.0,262.63323974609375
5252,0.0,0.0,1.0,784.463134765625
5268,1.0,0.0,0.0,0.0
5289,1.0,0.0,0.0,480.0
5299,0.0,0.0,1.0,1653.364501953125
5314,1.0,0.0,0.0,240.0
5326,0.0,0.0,1.0,1285.4794921875
5336,0.0,0.0,1.0,251.5897216796875
5342,1.0,0.0,0.0,1440.0
5346,1.0,0.0,0.0,0.0
5355,1.0,0.0,0.0,0.0
5362,1.0,0.0,0.0,0.0
5363,1.0,0.0,0.0,0.0
5366,1.0,0.0,0.0,69000.0
5387,0.0,1.0,0.0,4200.0
5393,1.0,1.0,1.0,382.22406005859375
5425,1.0,0.0,0.0,0.0
5434,1.0,1.0,1.0,790.115234375
5435,1.0,0.5,0.5,380.29193115234375
5436,0.0,0.0,1.0,866.342041015625
5452,1.0,0.0,0.0,200.0
5455,1.0,0.0,0.0,0.0
5462,1.0,0.0,0.0,480.0
5540,0.0,0.0,1.0,850.2977905273438
5560,1.0,0.0,0.0,1080.0
5574,1.0,0.0,0.0,0.0
5590,0.0,0.0,1.0,716.4517211914062
5592,0.0,0.0,1.0,926.8588256835938
5638,0.5,0.5,0.0,225.0
5641,1.0,0.0,0.0,0.0
5683,1.0,0.0,0.0,0.0
5716,1.0,1.0,1.0,8.275299072265625
5725,1.0,0.0,0.0,0.0
5730,0.0,0.0,1.0,275.45147705078125
5744,0.0,0.0,1.0,985.9609375
5754,1.0,0.0,0.0,250.0
5758,1.0,0.0,0.0,300.0
5787,1.0,0.0,0.0,480.0
5792,1.0,0.0,0.0,0.0
5814,1.0,0.0,0.0,0.0
5833,0.0,0.0,1.0,1269.26708984375
5837,0.0,0.0,1.0,906.4577026367188
5839,0.0,0.0,1.0,1501.7052001953125
5865,0.0,0.0,1.0,538.3428649902344
5895,0.0,0.0,1.0,1442.759033203125
5914,0.0,0.0,1.0,258.4552764892578
5945,0.0,0.0,1.0,1005.2711181640625
5948,1.0,0.0,0.0,0.0
5964,0.0,0.0,1.0,1093.22314453125
5983,0.0,0.0,1.0,367.71427154541016
6230,1.0,0.0,0.0,1800.0
6251,1.0,1.0,1.0,424.325439453125
6350,0.0,0.0,1.0,1781.5260009765625
6364,0.0,0.0,1.0,774.9456787109375
6365,0.0,0.0,1.0,3938.19921875
6371,1.0,0.0,0.0,240.0
6386,1.0,0.0,0.0,0.0
6397,0.0,0.0,1.0,240.53857421875
6458,0.0,0.0,1.0,1187.505126953125
6460,0.5,0.0,0.5,226.65740966796875
6479,0.0,0.0,1.0,2558.13671875
6486,0.0,0.0,1.0,400.844482421875
6487,0.0,0.0,1.0,2343.772705078125
6489,1.0,1.0,1.0,228.1190185546875
6490,1.0,1.0,1.0,539.5238037109375
6496,1.0,1.0,1.0,2458.1904296875
6518,0.0,1.0,0.0,1920.0
6532,1.0,1.0,1.0,1477.89697265625
6536,1.0,1.0,1.0,1024.5087890625
6540,1.0,0.0,0.0,0.0
6543,1.0,0.0,0.0,800.0
6554,0.5,0.5,1.0,536.7798919677734
6586,1.0,1.0,1.0,436.931396484375
6606,1.0,0.0,0.0,600.0
6609,0.0,0.0,1.0,528.1755981445312
6639,0.0,0.0,1.0,381.9133605957031
6695,0.0,0.0,1.0,732.7742919921875
6832,1.0,1.0,1.0,351.64453125
6864,0.0,0.0,1.0,1910.16259765625
6889,0.0,0.0,1.0,658.7296752929688
6890,1.0,1.0,1.0,503.1129150390625
6898,1.0,0.0,0.0,0.0
6905,1.0,1.0,1.0,586.64404296875
6907,0.0,0.0,1.0,2260.046142578125
6909,1.0,1.0,1.0,1715.810546875
6957,0.0,0.0,1.0,1281.715576171875
6988,0.5,0.0,0.5,466.22625732421875
7163,1.0,0.0,0.0,300.0
7180,0.0,0.0,1.0,1237.1453857421875
7201,0.0,0.0,1.0,270.91064453125
7203,1.0,1.0,1.0,801.739990234375
7216,0.0,0.0,1.0,963.7835693359375
7241,0.0,0.0,1.0,466.6173095703125
7248,0.0,0.0,1.0,835.16748046875
7262,0.0,0.0,1.0,2390.39208984375
7267,0.0,0.0,1.0,788.1976318359375
7270,0.0,0.0,1.0,6311.65380859375
7286,0.0,0.0,1.0,1386.602294921875
7329,1.0,1.0,1.0,137.6903533935547
7333,1.0,1.0,1.0,868.52685546875
7367,1.0,1.0,1.0,633.2255859375
7404,1.0,1.0,1.0,647.9393920898438
7411,1.0,0.0,0.0,0.0
7417,0.0,0.0,1.0,1833.5357666015625
7419,0.0,0.0,1.0,1727.9931640625
7422,1.0,1.0,1.0,1009.4970703125
7431,1.0,1.0,1.0,295.85791015625
7437,1.0,1.0,1.0,1558.5450439453125
7450,0.0,0.0,1.0,4317.15283203125
7464,0.0,0.0,1.0,663.6560668945312
7495,1.0,1.0,1.0,491.80255126953125
7499,1.0,0.0,0.0,0.0
7504,0.0,0.0,1.0,965.3389282226562
7511,0.0,0.0,1.0,312.6566467285156
7523,1.0,1.0,1.0,1335.384521484375
7525,0.0,0.0,1.0,947.2631225585938
7533,0.0,0.0,1.0,501.29124450683594
7537,1.0,1.0,1.0,1015.7935791015625
7540,1.0,1.0,1.0,1553.5087890625
7543,0.5,0.0,0.5,581.0003662109375
7573,0.0,0.0,1.0,822.577880859375
7580,0.0,0.0,1.0,904.4696044921875
7584,1.0,1.0,1.0,301.9718017578125
7596,1.0,1.0,1.0,443.270751953125
7597,0.0,0.0,1.0,2687.283203125
7610,1.0,1.0,1.0,619.28759765625
7668,0.0,0.0,1.0,689.6827392578125
7674,1.0,0.0,0.0,180.0
7683,0.0,0.0,1.0,2663.8185424804688
7717,0.0,0.0,1.0,571.4791259765625
7743,0.0,0.0,1.0,483.7385559082031
7807,0.3333333333333333,0.0,0.6666666666666666,762.8629964192709
7839,1.0,1.0,1.0,331.4791259765625
7850,0.0,0.0,1.0,200.44023895263672
7851,0.0,0.0,1.0,147.48321533203125
7856,1.0,0.0,0.0,75.0
7866,0.0,0.0,1.0,250.90911865234375
7875,0.5,0.0,0.5,296.7608642578125
7913,1.0,1.0,1.0,106.68702697753906
7917,0.0,0.0,1.0,840.6796875
7920,0.0,0.0,1.0,389.938720703125
7923,1.0,0.0,0.0,0.0
7955,0.0,0.0,1.0,578.48876953125
7962,0.0,0.0,1.0,590.9577026367188
7964,1.0,1.0,1.0,5307.421875
7981,1.0,1.0,1.0,502.52581787109375
8001,0.0,0.0,1.0,1964.204833984375
8011,0.0,0.0,1.0,826.64404296875
8013,1.0,0.0,0.0,0.0
8018,0.0,0.0,1.0,1788.8349609375
8047,0.0,0.0,1.0,1902.92724609375
8052,0.0,0.0,1.0,722.0853881835938
8060,1.0,1.0,1.0,297.8505859375
8071,0.0,0.0,1.0,1078.39453125
8085,0.0,0.0,1.0,586.8195190429688
8127,0.3333333333333333,0.0,0.6666666666666666,1293.9100748697917
8135,1.0,0.0,0.0,180.0
8168,0.0,0.0,1.0,1998.2125244140625
8198,0.0,0.0,1.0,768.0358276367188
8222,0.0,0.0,1.0,745.697509765625
8238,0.0,0.0,1.0,819.7828369140625
8261,1.0,0.0,0.0,0.0
8271,0.0,1.0,0.0,3000.0
8310,1.0,0.0,0.0,0.0
8345,1.0,0.0,0.0,0.0
8348,1.0,0.0,0.0,0.0
8369,1.0,1.0,1.0,2173.969197591146
8372,0.0,0.0,1.0,814.3621215820312
8395,1.0,1.0,1.0,574.645263671875
8398,0.0,0.0,1.0,751.6296997070312
8426,1.0,1.0,1.0,535.888671875
8429,0.0,0.0,1.0,1955.0030517578125
8517,0.0,0.0,1.0,1042.8665771484375
8521,1.0,1.0,1.0,516.8634643554688
8545,1.0,0.0,0.0,0.0
8548,1.0,1.0,1.0,342.53759765625
8618,0.0,0.0,1.0,687.540283203125
8632,0.0,0.0,1.0,1874.7076416015625
8661,1.0,0.0,0.0,0.0
8662,0.0,0.0,1.0,1974.5458984375
8673,1.0,1.0,1.0,936.69287109375
8738,0.0,0.0,1.0,819.9952392578125
8882,1.0,1.0,1.0,550.59912109375
8916,1.0,1.0,1.0,268.1951904296875
8952,1.0,1.0,1.0,281.51116943359375
8971,0.0,0.0,1.0,2000.0869140625
9008,0.5,0.5,1.0,3905.3843383789062
9023,1.0,1.0,1.0,1036.0692138671875
9052,0.0,0.0,1.0,279.65179443359375
9064,0.0,0.0,1.0,6227.7666015625
9065,1.0,1.0,1.0,893.744384765625
9068,0.0,0.0,1.0,2345.7099609375
9086,1.0,1.0,1.0,940.96142578125
9133,1.0,1.0,1.0,215.03656005859375
9144,1.0,1.0,1.0,172.81097412109375
9145,1.0,1.0,1.0,2275.606689453125
9149,0.0,0.0,1.0,2570.4824015299478
9169,0.5,0.0,0.5,1437.1198120117188
9173,0.0,0.0,1.0,437.03192138671875
9202,0.5,0.5,1.0,895.9720458984375
9211,0.0,0.0,1.0,2547.026611328125
9225,0.5,0.5,1.0,456.3495178222656
9227,0.0,0.0,1.0,286.27734375
9235,1.0,1.0,1.0,481.72119140625
9240,1.0,1.0,1.0,206.48004150390625
9241,0.0,0.0,1.0,3297.8675537109375
9243,0.0,0.0,1.0,405.5419921875
9245,0.0,0.0,1.0,644.3877563476562
9259,0.0,0.0,1.0,1215.040283203125
9261,1.0,1.0,1.0,491.1954345703125
9263,0.0,0.0,1.0,1477.479248046875
9273,0.5,0.5,1.0,3668.1722412109375
9275,0.0,0.0,1.0,5247.53173828125
9280,0.0,0.0,1.0,673.6581420898438
9314,0.0,0.0,1.0,18389.517578125
10211,1.0,0.0,0.0,0.0
10236,1.0,0.0,0.0,0.0
10252,0.0,0.0,1.0,1178.6021728515625
10316,1.0,1.0,1.0,1011.210693359375
10319,0.0,0.0,1.0,942.734619140625
10361,0.0,0.0,1.0,336.1773681640625
10446,1.0,0.0,0.0,0.0
10504,0.0,0.0,1.0,302.22406005859375
10626,0.0,0.0,1.0,332.5266418457031
10670,1.0,1.0,1.0,338.1164957682292
10679,0.6666666666666666,0.0,0.3333333333333333,1213.7111002604167
10806,0.0,0.0,1.0,2042.349853515625
10814,0.0,0.0,1.0,3847.656982421875
10823,0.0,0.0,1.0,1047.09423828125
10828,0.0,0.0,1.0,320.27923583984375
10838,1.0,1.0,1.0,1094.455322265625
10841,1.0,0.0,0.0,0.0
10848,1.0,0.0,0.0,600.0
10875,1.0,1.0,1.0,2468.0986328125
10877,0.0,0.0,1.0,413.30096435546875
10888,0.0,0.0,1.0,1478.9117431640625
10906,0.0,0.0,1.0,1709.986083984375
10907,0.0,0.0,1.0,860.0877075195312
11083,1.0,1.0,1.0,152.49072265625
11562,0.0,0.0,1.0,1964.9306640625
11564,1.0,0.5,0.5,693.869873046875
11578,1.0,1.0,1.0,18.286468505859375
11603,1.0,1.0,1.0,265.3702087402344
11621,1.0,1.0,1.0,136.72549438476562
11623,1.0,0.0,0.0,0.0
11644,1.0,1.0,1.0,610.1583251953125
11682,0.0,0.0,1.0,2669.4423828125
11684,0.0,0.0,1.0,761.5111694335938
11694,0.0,0.0,1.0,812.6734619140625
11758,0.0,0.0,1.0,164.7509765625
11767,0.0,0.0,1.0,515.885009765625
11866,0.0,0.0,1.0,211.7838134765625
11900,0.0,0.0,1.0,547.2110595703125
11919,0.0,0.0,1.0,3868.6859130859375
11920,1.0,1.0,1.0,485.60906982421875
11923,0.0,0.0,1.0,853.240234375
11924,0.0,0.0,1.0,434.4315185546875
11942,0.0,0.0,1.0,1929.689208984375
11943,0.0,0.0,1.0,470.39556884765625
11952,1.0,1.0,1.0,474.31982421875
11954,0.0,0.0,1.0,255.0555877685547
11960,1.0,0.0,0.0,0.0
11964,1.0,1.0,1.0,6097.07080078125
11989,1.0,1.0,1.0,218.47341918945312
11991,0.0,0.5,0.5,604.1488037109375
11995,0.0,0.0,1.0,1467.9521484375
11996,0.5,0.5,1.0,348.0697479248047
11999,0.0,0.0,1.0,2110.6162109375
12019,1.0,1.0,1.0,276.4849853515625
12029,0.5,0.5,1.0,1969.17333984375
12042,0.0,0.0,1.0,1419.469482421875
12043,1.0,1.0,1.0,1320.154541015625
12045,0.0,0.0,1.0,1994.697265625
12057,0.0,0.0,1.0,1053.2769775390625
12085,0.0,0.0,1.0,3826.434326171875
12089,1.0,0.0,0.0,240.0
12105,1.0,0.0,0.0,0.0
12147,0.5,0.5,1.0,3570.0233154296875
12152,0.0,0.0,1.0,840.1737060546875
12153,0.0,0.0,1.0,554.2421875
12154,0.0,0.0,1.0,6149.77734375
12156,1.0,1.0,1.0,326.30096435546875
12158,0.0,0.0,1.0,816.4519958496094
12178,1.0,0.0,0.0,0.0
12209,0.0,0.0,1.0,901.2608337402344
12239,1.0,1.0,1.0,728.538818359375
12243,1.0,1.0,1.0,234.6978759765625
12244,0.0,0.0,1.0,3702.41796875
12271,0.0,0.0,1.0,1060.2001953125
12274,1.0,0.0,0.0,0.0
12289,0.0,0.0,1.0,5287.48583984375
12291,0.0,0.0,1.0,2726.95703125
12294,0.0,0.0,1.0,1096.6572265625
12316,0.0,0.0,1.0,1761.8546752929688
12317,0.0,0.0,1.0,2203.906494140625
12335,0.5,0.5,1.0,1113.4679565429688
12351,1.0,1.0,1.0,736.8123779296875
12366,0.0,0.0,1.0,928.6258544921875
12378,1.0,0.0,0.0,120.0
12385,0.0,0.0,1.0,2640.86328125
12407,0.0,0.0,1.0,1083.5223388671875
12414,1.0,1.0,1.0,846.699951171875
12421,0.0,0.0,1.0,437.45556640625
12424,1.0,1.0,1.0,693.8929443359375
12426,1.0,0.0,0.0,0.0
12432,0.0,0.0,1.0,717.1402587890625
12440,1.0,0.0,0.0,0.0
12449,1.0,0.0,0.0,60.0
12456,0.0,0.0,1.0,1623.7080078125
12461,1.0,0.0,0.0,0.0
12468,0.0,0.0,1.0,665.5873413085938
12473,1.0,1.0,1.0,183.46734619140625
12474,0.0,0.0,1.0,187.61883544921875
12478,0.0,0.0,1.0,1547.781005859375
12479,1.0,1.0,1.0,1260.7738647460938
12485,1.0,0.0,0.0,0.0
12490,1.0,1.0,1.0,5955.7197265625
12495,1.0,1.0,1.0,558.9600830078125
12496,0.5,0.5,1.0,3406.4526977539062
12537,1.0,1.0,1.0,2274.21484375
12539,1.0,0.0,0.0,3240.0
12543,0.0,0.0,1.0,815.7860107421875
12545,1.0,0.0,0.0,240.0
12596,1.0,1.0,1.0,1181.5260009765625
12599,0.0,0.0,1.0,193.26455688476562
12638,1.0,1.0,1.0,923.84619140625
12646,1.0,1.0,1.0,148.7509765625
12666,0.0,0.0,1.0,3052.16796875
12668,0.0,0.0,1.0,309.0592041015625
12672,1.0,1.0,1.0,2085.11572265625
12678,0.0,0.0,1.0,1963.562744140625
12688,0.0,0.0,1.0,981.7659606933594
12689,0.0,0.0,1.0,2024.890625
12692,1.0,1.0,1.0,326.90606689453125
12695,1.0,0.0,0.0,9.0
12703,0.0,0.0,1.0,1096.184814453125
12704,0.0,0.0,1.0,86.31452369689941
12725,0.0,0.0,1.0,724.42333984375
12742,0.0,0.0,1.0,1939.014404296875
12751,0.0,0.0,1.0,801.09619140625
12755,0.0,0.0,1.0,2239.0419921875
12761,0.0,0.0,1.0,4279.46875
12762,0.0,0.0,1.0,4303.53466796875
12774,0.0,0.0,1.0,3565.386474609375
12777,1.0,0.5,0.5,543.9004516601562
12778,1.0,1.0,1.0,265.7778015136719
12780,1.0,1.0,1.0,267.691650390625
12790,0.0,0.0,1.0,1905.3955078125
12807,1.0,1.0,1.0,160.45928955078125
12822,1.0,0.0,0.0,0.0
12838,0.0,0.0,1.0,418.1280822753906
12840,0.5,0.5,1.0,264.4324645996094
12843,0.0,0.0,1.0,1397.74755859375
12859,0.0,0.0,1.0,2317.288330078125
12897,0.0,0.0,1.0,1536.3348388671875
12899,0.0,0.0,1.0,1163.32421875
12902,0.0,0.0,1.0,895.4215087890625
12904,0.0,0.0,1.0,1078.1295166015625
12922,0.0,0.0,1.0,2613.88330078125
12928,1.0,0.0,0.0,0.0
12935,0.0,0.0,1.0,1137.13525390625
12946,1.0,0.0,0.0,240.0
12957,1.0,1.0,1.0,884.7589111328125
12962,0.0,0.0,1.0,1101.8280436197917
12974,0.6666666666666666,0.3333333333333333,0.6666666666666666,185.62867228190103
12979,0.0,0.0,1.0,344.99212646484375
12994,1.0,0.0,0.0,0.0
12997,0.0,0.0,1.0,571.6296997070312
13500,0.0,0.0,1.0,1272.8572998046875
13537,1.0,0.0,0.0,1200.0
13591,1.0,0.0,0.0,1120.0
13592,0.0,0.0,1.0,324.9566345214844
13620,0.0,0.0,1.0,1883.8359985351562
13640,0.0,0.0,1.0,2558.13671875
13663,0.0,0.0,1.0,1185.704833984375
13666,0.0,0.0,1.0,965.6090698242188
13669,0.0,0.0,1.0,1063.892333984375
13671,0.0,0.0,1.0,126.31167602539062
13679,1.0,0.0,0.0,0.0
13710,0.0,0.0,1.0,877.7537841796875
13849,0.0,0.0,1.0,2502.856689453125
13862,1.0,1.0,1.0,1297.57861328125
13866,1.0,1.0,1.0,424.78399658203125
13870,1.0,0.0,0.0,50.0
13897,1.0,1.0,1.0,1105.80224609375
13905,0.0,0.0,1.0,777.4453125
13914,0.0,0.0,1.0,772.9165649414062
13919,1.0,0.0,0.0,0.0
13953,0.0,0.0,1.0,1692.9930419921875
13979,0.0,0.0,1.0,4579.2821044921875
13981,1.0,0.0,0.0,120.0
14012,0.0,0.0,1.0,147.48321533203125
14080,0.6666666666666666,0.3333333333333333,0.6666666666666666,109.55609385172527
14500,0.0,0.0,1.0,325.97967529296875
14512,0.0,0.0,1.0,1405.755859375
14610,0.0,0.0,1.0,2072.78955078125
14706,0.0,0.0,1.0,808.2391357421875
14713,0.0,0.0,1.0,1965.2432861328125
14741,0.0,0.0,1.0,2784.3935546875
14744,0.0,0.0,1.0,1193.7509765625
14749,0.5,0.0,0.5,891.0187377929688
14766,1.0,0.0,0.0,0.0
14770,0.0,0.0,1.0,1032.7613525390625
14771,0.3333333333333333,0.3333333333333333,1.0,940.8327229817709
14773,0.0,0.0,1.0,1199.59423828125
14779,0.0,0.0,1.0,329.607177734375
14789,0.0,0.0,1.0,1066.9193725585938
14802,1.0,1.0,1.0,403.7315673828125
14825,1.0,0.0,0.0,2100.0
14842,1.0,0.0,0.0,0.0
14877,1.0,1.0,1.0,441.4456787109375
14921,0.0,0.0,1.0,244.65634155273438
14929,0.0,0.0,1.0,261.56568908691406
14930,0.0,0.0,1.0,3607.61767578125
14934,1.0,1.0,1.0,886.0185546875
14941,1.0,1.0,1.0,701.372314453125
14946,1.0,0.0,0.0,0.0
14957,0.0,0.0,1.0,6960.6787109375
14960,0.0,0.0,1.0,2813.59326171875
14961,1.0,0.0,0.0,0.0
14992,0.0,0.0,1.0,1118.16845703125
16004,0.5,0.5,1.0,2877.0621643066406
16016,0.0,0.0,1.0,159.67112731933594
16036,1.0,0.0,0.0,0.0
16043,0.5,0.5,1.0,170.05852508544922
16044,1.0,0.0,0.0,0.0
16060,1.0,0.0,0.0,0.0
16069,0.0,0.0,1.0,193.96258544921875
16090,0.5,0.0,0.5,195.2401885986328
16099,1.0,0.0,0.0,400.0
16106,1.0,0.5,0.5,444.51177978515625
16129,0.5,0.0,0.5,540.7361450195312
16136,1.0,1.0,1.0,281.4273681640625
16164,0.0,0.0,1.0,182.36328735351563
16190,1.0,1.0,1.0,777.2935791015625
16195,0.0,0.0,1.0,860.0877075195312
16196,0.0,0.0,1.0,154.8944854736328
16208,1.0,1.0,1.0,35.3006591796875
16216,1.0,1.0,1.0,508.0302734375
16222,0.5,1.0,0.5,2694.1861572265625
16232,0.0,0.0,1.0,1492.33837890625
16233,0.0,0.0,1.0,256.4648742675781
16244,0.0,0.0,1.0,331.62969970703125
16250,0.0,0.0,1.0,343.1673889160156
16251,0.0,0.0,1.0,588.0494689941406
16265,0.0,0.0,1.0,826.64404296875
16269,0.0,0.0,1.0,4926.70068359375
16274,0.0,0.0,1.0,1210.2718505859375
16276,1.0,0.0,0.0,0.0
16290,1.0,0.0,0.0,0.0
16295,1.0,1.0,1.0,1191.152099609375
16311,0.0,0.0,1.0,874.5647583007812
16313,0.5,0.5,1.0,523.0085601806641
16320,0.0,0.0,1.0,1204.44189453125
16341,1.0,1.0,1.0,1109.969970703125
16353,1.0,1.0,1.0,124.5987548828125
16354,1.0,1.0,1.0,737.0073852539062
16355,0.0,0.0,1.0,1772.013671875
16360,0.0,0.0,1.0,629.2417602539062
16361,1.0,1.0,1.0,1109.65869140625
16365,1.0,0.0,0.0,240.0
16372,0.0,0.0,1.0,1441.353759765625
16373,1.0,0.0,0.0,0.0
16376,1.0,1.0,1.0,362.3775634765625
16381,0.0,0.0,1.0,3112.71240234375
16386,1.0,0.0,0.0,0.0
16424,0.0,0.0,1.0,900.1842651367188
16441,0.0,0.0,1.0,608.297607421875
16444,0.0,0.0,1.0,1742.8182373046875
16446,0.0,0.0,1.0,965.6090698242188
16469,1.0,0.0,0.0,1920.0
16500,0.0,0.0,1.0,5555.810546875
16516,0.0,0.0,1.0,859.3006591796875
16534,0.5,0.5,1.0,1034.4489440917969
16648,1.0,1.0,1.0,406.770751953125
16655,0.0,0.0,1.0,546.4185791015625
16668,0.0,0.0,1.0,2351.09765625
16670,0.5,0.0,0.5,348.9334716796875
16680,1.0,1.0,1.0,495.33673095703125
16699,1.0,1.0,1.0,761.06494140625
16703,0.0,0.0,1.0,412.5132141113281
16706,1.0,0.0,0.0,0.0
16745,0.0,0.0,1.0,252.1969757080078
16763,0.0,0.0,1.0,577.5343017578125
16791,0.0,0.0,1.0,325.97967529296875
16796,1.0,1.0,1.0,519.0433349609375
16799,1.0,1.0,1.0,392.655029296875
16847,0.6666666666666666,0.0,0.3333333333333333,340.4728597005208
