ID_ALIAS,ID_LOCALIZACION_COMPRA,necesita_reposicion,cantidad_a_reponer,log_cantidad_a_reponer,pred_necesita_reposicion,pred_cantidad_a_reponer,acierto_clasificacion,error_cantidad
216,2260,0,0.0,0.0,0,0.0,True,0.0
246,5227,1,160.0,5.081404364984463,1,422.63323974609375,True,262.63323974609375
243,5725,0,0.0,0.0,0,0.0,True,0.0
223,12432,0,0.0,0.0,1,717.1402587890625,False,717.1402587890625
133,3680,1,160.0,5.081404364984463,1,910.4693603515625,True,750.4693603515625
129,3643,0,0.0,0.0,1,495.85992431640625,False,495.85992431640625
140,12490,1,2700.0,7.901377353792616,1,8655.7197265625,True,5955.7197265625
167,11960,0,0.0,0.0,0,0.0,True,0.0
228,13666,0,0.0,0.0,1,965.6090698242188,False,965.6090698242188
220,2476,0,60.0,4.110873864173311,1,412.82904052734375,False,352.82904052734375
138,161,0,1000.0,6.90875477931522,0,0.0,True,1000.0
142,1407,1,2400.0,7.783640596221253,1,4503.53466796875,True,2103.53466796875
183,1746,0,0.0,0.0,1,259.6605529785156,False,259.6605529785156
224,2484,0,0.0,0.0,0,0.0,True,0.0
136,3430,0,0.0,0.0,1,827.5496826171875,False,827.5496826171875
166,10670,1,640.0,6.46302945692067,1,451.72442626953125,True,188.27557373046875
142,12316,0,700.0,6.55250788703459,1,2755.16064453125,False,2055.16064453125
145,6909,1,3840.0,8.253488028345904,1,5555.810546875,True,1715.810546875
127,3173,1,480.0,6.175867270105761,1,1963.562744140625,True,1483.562744140625
228,12426,0,0.0,0.0,0,0.0,True,0.0
209,2162,0,0.0,0.0,0,0.0,True,0.0
239,12289,0,2000.0,7.601402334583733,1,7287.48583984375,False,5287.48583984375
148,11999,0,0.0,0.0,1,2110.6162109375,False,2110.6162109375
179,1834,0,2.2,1.1631508098056809,1,112.50827026367188,False,110.30827026367187
217,7163,0,200.0,5.303304908059076,0,0.0,True,200.0
322,746,0,0.0,0.0,0,0.0,True,0.0
218,7807,0,200.0,5.303304908059076,1,1393.4005126953125,False,1193.4005126953125
140,12761,0,2000.0,7.601402334583733,1,6279.46875,False,4279.46875
241,7964,1,800.0,6.68586094706836,1,6107.421875,True,5307.421875
130,16069,0,88.0,4.48863636973214,1,281.96258544921875,False,193.96258544921875
148,8060,1,480.0,6.175867270105761,1,777.8505859375,True,297.8505859375
242,12385,0,0.0,0.0,1,2640.86328125,False,2640.86328125
240,14779,0,0.0,0.0,1,329.607177734375,False,329.607177734375
252,5754,0,500.0,6.2166061010848646,0,0.0,True,500.0
238,7525,0,0.0,0.0,1,937.16357421875,False,937.16357421875
141,149,0,0.0,0.0,0,0.0,True,0.0
182,1766,0,0.0,0.0,1,246.0926971435547,False,246.0926971435547
243,5366,0,69000.0,11.141876276228,0,0.0,True,69000.0
233,2683,0,0.0,0.0,1,1870.5198974609375,False,1870.5198974609375
237,2875,0,420.0,6.042632833682381,1,1083.720458984375,False,663.720458984375
140,6496,1,3000.0,8.006700845440367,1,5458.1904296875,True,2458.1904296875
141,3549,0,0.0,0.0,0,0.0,True,0.0
140,3819,0,1100.0,7.00397413672268,1,4265.5859375,False,3165.5859375
213,11991,0,440.0,6.089044875446846,1,848.297607421875,False,408.297607421875
233,13591,0,1120.0,7.02197642307216,0,0.0,True,1120.0
136,9225,0,200.0,5.303304908059076,1,999.9866333007812,False,799.9866333007812
140,3437,0,1000.0,6.90875477931522,1,2964.0771484375,False,1964.0771484375
139,3680,0,0.0,0.0,0,0.0,True,0.0
234,7668,0,150.0,5.017279836814924,1,839.6827392578125,False,689.6827392578125
169,16668,0,0.0,0.0,1,2351.09765625,False,2351.09765625
210,2343,0,0.0,0.0,1,572.3798828125,False,572.3798828125
214,7743,0,660.0,6.493753839851686,1,1045.8173828125,False,385.8173828125
131,153,0,200.0,5.303304908059076,1,1359.59423828125,False,1159.59423828125
121,3530,0,0.0,0.0,1,2826.74267578125,False,2826.74267578125
127,192,0,0.0,0.0,1,1723.453857421875,False,1723.453857421875
144,696,0,0.0,0.0,0,0.0,True,0.0
137,3575,0,0.0,0.0,0,0.0,True,0.0
230,2770,1,480.0,6.175867270105761,1,908.0745849609375,True,428.0745849609375
226,12822,0,0.0,0.0,0,0.0,True,0.0
247,5436,0,490.0,6.19644412779452,1,1356.342041015625,False,866.342041015625
230,12689,0,0.0,0.0,1,2024.890625,False,2024.890625
136,12209,0,0.0,0.0,1,489.13787841796875,False,489.13787841796875
131,14773,0,160.0,5.081404364984463,1,1359.59423828125,False,1199.59423828125
233,7367,1,1200.0,7.090909822079984,1,1833.2255859375,True,633.2255859375
168,1596,0,280.0,5.638354669333745,1,672.2861938476562,False,392.28619384765625
126,946,1,1200.0,7.090909822079984,1,2316.1181640625,True,1116.1181640625
228,7411,0,0.0,0.0,0,0.0,True,0.0
131,12274,0,0.0,0.0,0,0.0,True,0.0
180,1974,0,0.0,0.0,0,0.0,True,0.0
134,11943,0,0.0,0.0,1,470.39556884765625,False,470.39556884765625
226,2211,0,0.0,0.0,0,0.0,True,0.0
241,12244,0,0.0,0.0,1,3702.41796875,False,3702.41796875
166,1905,0,200.0,5.303304908059076,0,0.0,True,200.0
232,16355,0,280.0,5.638354669333745,1,2052.013671875,False,1772.013671875
249,5363,0,0.0,0.0,0,0.0,True,0.0
235,2512,1,480.0,6.175867270105761,1,789.74462890625,True,309.74462890625
137,3504,1,1600.0,7.378383712996714,1,2701.576171875,True,1101.576171875
226,2439,0,0.0,0.0,0,0.0,True,0.0
174,1892,0,0.0,0.0,1,556.2109375,False,556.2109375
146,10906,0,90.0,4.51085950651685,1,1799.986083984375,False,1709.986083984375
207,16534,1,240.0,5.484796933490655,1,1395.9378662109375,True,1155.9378662109375
240,10828,0,24.0,3.218875824868201,1,344.27923583984375,False,320.27923583984375
253,6606,0,600.0,6.398594934535208,0,0.0,True,600.0
134,3179,0,0.0,0.0,1,470.39556884765625,False,470.39556884765625
129,115,1,60.0,4.110873864173311,1,477.1824645996094,True,417.1824645996094
251,5592,0,40.0,3.713572066704308,1,966.8588256835938,False,926.8588256835938
130,3547,0,0.0,0.0,1,975.682861328125,False,975.682861328125
122,3512,0,640.0,6.46302945692067,1,2582.23388671875,False,1942.23388671875
146,8395,1,240.0,5.484796933490655,1,814.645263671875,True,574.645263671875
228,16129,0,0.0,0.0,0,0.0,True,0.0
243,5455,0,0.0,0.0,0,0.0,True,0.0
138,149,0,600.0,6.398594934535208,0,0.0,True,600.0
244,12449,0,0.0,0.0,0,0.0,True,0.0
225,2237,1,200.0,5.303304908059076,1,283.4998779296875,True,83.4998779296875
236,2783,1,480.0,6.175867270105761,1,947.0577392578125,True,467.0577392578125
227,14934,1,48.0,3.8918202981106265,1,934.0185546875,True,886.0185546875
178,1991,0,2.0,1.0986122886681098,0,0.0,True,2.0
210,2295,0,0.0,0.0,1,520.890869140625,False,520.890869140625
135,12777,1,64.0,4.174387269895637,1,1151.8009033203125,True,1087.8009033203125
122,3436,1,4000.0,8.294299608857235,1,3553.497802734375,True,446.502197265625
220,7850,0,140.0,4.948759890378168,1,399.3104248046875,False,259.3104248046875
140,16190,1,400.0,5.993961427306569,1,1177.2935791015625,True,777.2935791015625
145,13679,0,0.0,0.0,0,0.0,True,0.0
121,45,0,0.0,0.0,1,2185.5986328125,False,2185.5986328125
165,1721,0,0.0,0.0,1,381.940673828125,False,381.940673828125
120,3029,0,0.0,0.0,1,3286.10693359375,False,3286.10693359375
239,7450,0,0.0,0.0,1,4317.15283203125,False,4317.15283203125
137,12962,0,0.0,0.0,1,2196.999755859375,False,2196.999755859375
225,4960,0,200.0,5.303304908059076,1,687.1820678710938,False,487.18206787109375
252,5362,0,0.0,0.0,0,0.0,True,0.0
165,12778,1,120.0,4.795790545596741,1,385.7778015136719,True,265.7778015136719
227,11924,0,0.0,0.0,1,434.4315185546875,False,434.4315185546875
235,6889,0,180.0,5.198497031265826,1,838.7296752929688,False,658.7296752929688
235,10838,1,240.0,5.484796933490655,1,1334.455322265625,True,1094.455322265625
219,2342,0,0.0,0.0,1,145.9210968017578,False,145.9210968017578
139,3269,0,1000.0,6.90875477931522,1,4304.43603515625,False,3304.43603515625
237,7504,0,0.0,0.0,1,965.3389282226562,False,965.3389282226562
120,3768,0,1250.0,7.131698510466912,1,6255.208984375,False,5005.208984375
130,1314,0,48.0,3.8918202981106265,1,975.682861328125,False,927.682861328125
125,13640,0,0.0,0.0,1,2558.13671875,False,2558.13671875
242,2852,0,4200.0,8.343077871169383,1,9422.8740234375,False,5222.8740234375
134,13953,0,0.0,0.0,1,1692.9930419921875,False,1692.9930419921875
172,1648,0,120.0,4.795790545596741,1,374.88946533203125,False,254.88946533203125
173,11866,0,0.0,0.0,1,205.71286010742188,False,205.71286010742188
122,258,0,0.0,0.0,1,2580.934326171875,False,2580.934326171875
242,7683,0,2940.0,7.9865049385539955,1,7235.3603515625,False,4295.3603515625
143,8971,0,0.0,0.0,1,2000.0869140625,False,2000.0869140625
229,2525,0,240.0,5.484796933490655,1,1107.171875,False,867.171875
141,3585,0,6000.0,8.699681400989514,1,18389.517578125,False,12389.517578125
207,6458,0,240.0,5.484796933490655,1,1427.505126953125,False,1187.505126953125
212,13870,0,0.0,0.0,0,0.0,True,0.0
226,2497,0,180.0,5.198497031265826,1,731.34521484375,False,551.34521484375
135,3077,1,64.0,4.174387269895637,1,743.9763793945312,True,679.9763793945312
236,11919,0,0.0,0.0,1,1039.793212890625,False,1039.793212890625
129,190,0,0.0,0.0,1,455.5715026855469,False,455.5715026855469
228,7580,0,0.0,0.0,1,904.4696044921875,False,904.4696044921875
253,13919,0,0.0,0.0,0,0.0,True,0.0
143,6350,0,150.0,5.017279836814924,1,1931.5260009765625,False,1781.5260009765625
125,12271,0,720.0,6.580639137284949,1,1780.2001953125,False,1060.2001953125
217,5638,0,300.0,5.707110264748875,0,0.0,True,300.0
135,6490,1,224.0,5.41610040220442,1,763.5238037109375,True,539.5238037109375
126,3565,1,480.0,6.175867270105761,1,3445.83251953125,True,2965.83251953125
120,3019,0,1250.0,7.131698510466912,1,2291.56298828125,False,1041.56298828125
167,1626,0,0.0,0.0,0,0.0,True,0.0
228,12105,0,0.0,0.0,0,0.0,True,0.0
129,9227,0,0.0,0.0,1,286.27734375,False,286.27734375
120,3433,0,1150.0,7.048386408721883,1,2937.9267578125,False,1787.9267578125
147,10907,0,0.0,0.0,1,860.0877075195312,False,860.0877075195312
121,9225,1,3600.0,8.188966863648876,1,3712.71240234375,True,112.71240234375
221,2405,0,4.0,1.6094379124341005,1,129.68743896484375,False,125.68743896484375
240,12688,0,18.0,2.9444389791664403,1,866.1806030273438,False,848.1806030273438
240,2994,0,9.0,2.302585092994046,1,1536.1593017578125,False,1527.1593017578125
124,129,0,0.0,0.0,1,882.37451171875,False,882.37451171875
175,1507,0,0.0,0.0,1,1127.647216796875,False,1127.647216796875
144,8261,0,0.0,0.0,0,0.0,True,0.0
177,12704,0,0.0,0.0,1,20.468799591064453,False,20.468799591064453
250,11644,1,480.0,6.175867270105761,1,1090.1583251953125,True,610.1583251953125
145,12751,0,320.0,5.771441123130016,1,1121.09619140625,False,801.09619140625
250,12904,0,800.0,6.68586094706836,1,1878.1295166015625,False,1078.1295166015625
133,9149,0,0.0,0.0,1,917.0319213867188,False,917.0319213867188
250,16361,1,960.0,6.8679744089702925,1,2069.65869140625,True,1109.65869140625
240,16791,0,0.0,0.0,1,325.97967529296875,False,325.97967529296875
205,12897,0,180.0,5.198497031265826,1,1716.3348388671875,False,1536.3348388671875
185,1736,0,60.0,4.110873864173311,1,396.8664855957031,False,336.8664855957031
137,258,0,1200.0,7.090909822079984,1,2634.609130859375,False,1434.609130859375
229,16353,1,1200.0,7.090909822079984,1,1324.5987548828125,True,124.5987548828125
134,14706,0,400.0,5.993961427306569,1,1103.918701171875,False,703.918701171875
125,3740,1,720.0,6.580639137284949,1,2912.11767578125,True,2192.11767578125
127,3889,1,480.0,6.175867270105761,1,2087.2568359375,True,1607.2568359375
127,14771,1,480.0,6.175867270105761,1,1813.3472900390625,True,1333.3472900390625
129,12495,1,48.0,3.8918202981106265,1,606.9600830078125,True,558.9600830078125
124,3269,1,120.0,4.795790545596741,1,961.6822509765625,True,841.6822509765625
127,3694,0,0.0,0.0,1,2062.88427734375,False,2062.88427734375
239,2663,0,1400.0,7.244941546337007,1,6061.3017578125,False,4661.3017578125
225,12599,0,250.0,5.525452939131784,1,443.2645568847656,False,193.26455688476562
234,12019,1,600.0,6.398594934535208,1,876.4849853515625,True,276.4849853515625
236,16372,0,360.0,5.8888779583328805,1,1801.353759765625,False,1441.353759765625
228,12378,0,120.0,4.795790545596741,0,0.0,True,120.0
129,12962,0,0.0,0.0,1,503.69146728515625,False,503.69146728515625
241,7262,0,600.0,6.398594934535208,1,2990.39208984375,False,2390.39208984375
224,7866,0,0.0,0.0,1,250.90911865234375,False,250.90911865234375
140,3309,1,2000.0,7.601402334583733,1,2832.759521484375,True,832.759521484375
177,1585,0,0.0,0.0,1,153.163330078125,False,153.163330078125
123,2,1,60.0,4.110873864173311,1,336.9142150878906,True,276.9142150878906
222,2322,0,0.0,0.0,1,152.49513244628906,False,152.49513244628906
124,3748,1,450.0,6.111467339502679,1,1426.013916015625,True,976.013916015625
233,7597,0,0.0,0.0,1,2687.283203125,False,2687.283203125
130,9241,0,360.0,5.8888779583328805,1,602.729248046875,False,242.729248046875
129,16313,0,0.0,0.0,1,465.0141906738281,False,465.0141906738281
148,8222,0,0.0,0.0,1,745.697509765625,False,745.697509765625
232,12790,0,0.0,0.0,1,1905.3955078125,False,1905.3955078125
145,12543,0,2800.0,7.937731775260109,1,1984.2139892578125,False,815.7860107421875
130,3211,0,0.0,0.0,1,308.0503845214844,False,308.0503845214844
121,187,0,1380.0,7.2305631534092925,1,3249.81201171875,False,1869.81201171875
183,1702,1,36.0,3.610917912644224,1,395.4906921386719,True,359.4906921386719
227,12156,1,96.0,4.574710978503383,1,422.30096435546875,True,326.30096435546875
170,1557,0,0.0,0.0,1,714.470458984375,False,714.470458984375
138,14766,0,0.0,0.0,0,0.0,True,0.0
139,3137,0,0.0,0.0,1,4304.43603515625,False,4304.43603515625
147,12414,1,1140.0,7.039660349862076,1,1986.699951171875,True,846.699951171875
171,1968,1,40.0,3.713572066704308,1,471.31085205078125,True,431.31085205078125
129,12335,0,56.0,4.04305126783455,1,928.6605224609375,False,872.6605224609375
245,5730,0,0.0,0.0,1,275.45147705078125,False,275.45147705078125
207,2126,0,0.0,0.0,1,708.3714599609375,False,708.3714599609375
130,3800,0,0.0,0.0,1,358.994873046875,False,358.994873046875
124,16004,1,1200.0,7.090909822079984,1,968.1315307617188,True,231.86846923828125
170,1824,0,0.0,0.0,1,820.4107666015625,False,820.4107666015625
243,5314,0,240.0,5.484796933490655,0,0.0,True,240.0
126,250,0,660.0,6.493753839851686,1,1648.18359375,False,988.18359375
140,3622,1,2000.0,7.601402334583733,1,3655.39111328125,True,1655.39111328125
235,7422,1,240.0,5.484796933490655,1,1249.4970703125,True,1009.4970703125
243,790,0,0.0,0.0,1,995.6216430664062,False,995.6216430664062
233,7431,1,1600.0,7.378383712996714,1,1895.85791015625,True,295.85791015625
238,2909,1,240.0,5.484796933490655,1,1736.39697265625,True,1496.39697265625
227,2909,0,0.0,0.0,1,1617.159423828125,False,1617.159423828125
219,7329,1,8.0,2.19722457733622,1,145.6903533935547,True,137.6903533935547
163,12840,1,320.0,5.771441123130016,1,601.249755859375,True,281.249755859375
249,12042,0,520.0,6.255750041753367,1,1939.469482421875,False,1419.469482421875
130,212,0,56.0,4.04305126783455,1,283.3886413574219,False,227.38864135742188
130,207,0,0.0,0.0,1,874.2396240234375,False,874.2396240234375
237,2714,1,960.0,6.8679744089702925,1,1323.3787841796875,True,363.3787841796875
236,2882,0,300.0,5.707110264748875,1,1689.7130126953125,False,1389.7130126953125
232,16274,0,0.0,0.0,1,1210.2718505859375,False,1210.2718505859375
172,1972,0,130.0,4.875197323201151,1,279.14044189453125,False,149.14044189453125
133,3311,0,0.0,0.0,1,1022.4955444335938,False,1022.4955444335938
143,6832,1,1600.0,7.378383712996714,1,1248.35546875,True,351.64453125
124,14512,0,1050.0,6.957497370876951,1,2455.755859375,False,1405.755859375
224,2308,0,0.0,0.0,1,425.82012939453125,False,425.82012939453125
224,12725,0,0.0,0.0,1,425.82012939453125,False,425.82012939453125
129,3256,0,12.0,2.5649493574615367,1,257.24652099609375,False,245.24652099609375
133,222,0,0.0,0.0,1,610.7982788085938,False,610.7982788085938
136,3253,0,96.0,4.574710978503383,1,877.6242065429688,False,781.6242065429688
138,3530,0,0.0,0.0,0,0.0,True,0.0
234,2573,0,360.0,5.8888779583328805,1,1338.0450439453125,False,978.0450439453125
144,12178,0,0.0,0.0,0,0.0,True,0.0
138,9169,0,2000.0,7.601402334583733,0,0.0,True,2000.0
143,8632,0,50.0,3.9318256327243257,1,1924.7076416015625,False,1874.7076416015625
140,12335,1,6000.0,8.699681400989514,1,7354.275390625,True,1354.275390625
141,23,0,3600.0,8.188966863648876,0,0.0,True,3600.0
241,11964,1,1600.0,7.378383712996714,1,7697.07080078125,True,6097.07080078125
249,5326,0,0.0,0.0,1,1285.4794921875,False,1285.4794921875
140,3402,0,0.0,0.0,1,4590.27392578125,False,4590.27392578125
138,266,0,0.0,0.0,0,0.0,True,0.0
248,5839,0,400.0,5.993961427306569,1,1901.7052001953125,False,1501.7052001953125
144,8135,0,180.0,5.198497031265826,0,0.0,True,180.0
213,2213,0,0.0,0.0,0,0.0,True,0.0
146,8071,0,0.0,0.0,1,1078.39453125,False,1078.39453125
228,7543,0,0.0,0.0,0,0.0,True,0.0
127,4943,0,0.0,0.0,1,1997.278564453125,False,1997.278564453125
223,16044,0,0.0,0.0,0,0.0,True,0.0
127,9068,0,600.0,6.398594934535208,1,2945.7099609375,False,2345.7099609375
133,3826,1,64.0,4.174387269895637,1,838.1898193359375,True,774.1898193359375
208,6586,1,3500.0,8.160803920954665,1,3936.931396484375,True,436.931396484375
253,893,0,4080.0,8.314097335405807,0,0.0,True,4080.0
249,5197,0,280.0,5.638354669333745,1,910.2677612304688,False,630.2677612304688
120,3533,0,0.0,0.0,1,2291.56298828125,False,2291.56298828125
138,295,0,0.0,0.0,0,0.0,True,0.0
144,14825,0,2100.0,7.650168700845001,0,0.0,True,2100.0
127,1289,1,480.0,6.175867270105761,1,2066.891357421875,True,1586.891357421875
182,1753,0,0.0,0.0,1,243.42620849609375,False,243.42620849609375
120,3137,0,0.0,0.0,1,2273.669921875,False,2273.669921875
250,5434,1,480.0,6.175867270105761,1,1270.115234375,True,790.115234375
122,14930,0,0.0,0.0,1,3607.61767578125,False,3607.61767578125
134,1415,0,16.0,2.833213344056216,1,864.8521728515625,False,848.8521728515625
127,3275,0,0.0,0.0,1,1743.49560546875,False,1743.49560546875
148,16244,0,420.0,6.042632833682381,1,751.6296997070312,False,331.62969970703125
230,2699,0,180.0,5.198497031265826,1,900.2836303710938,False,720.2836303710938
129,9052,0,12.0,2.5649493574615367,1,291.65179443359375,False,279.65179443359375
139,3032,0,0.0,0.0,1,4304.43603515625,False,4304.43603515625
225,12974,1,120.0,4.795790545596741,1,302.5610046386719,True,182.56100463867188
130,3837,0,0.0,0.0,1,814.0595703125,False,814.0595703125
144,8545,0,0.0,0.0,0,0.0,True,0.0
174,694,1,120.0,4.795790545596741,1,964.4551391601562,True,844.4551391601562
183,1824,1,12.0,2.5649493574615367,1,141.7987823486328,True,129.7987823486328
251,10806,0,0.0,0.0,1,2042.349853515625,False,2042.349853515625
230,11923,0,0.0,0.0,1,864.5558471679688,False,864.5558471679688
219,7850,0,6.0,1.9459101490553128,1,147.57005310058594,False,141.57005310058594
125,65,0,660.0,6.493753839851686,1,2374.017822265625,False,1714.017822265625
243,5758,0,300.0,5.707110264748875,0,0.0,True,300.0
137,3739,0,680.0,6.523562306149512,1,3490.21630859375,False,2810.21630859375
135,233,0,56.0,4.04305126783455,1,476.8231506347656,False,420.8231506347656
231,7610,1,400.0,5.993961427306569,1,1019.28759765625,True,619.28759765625
234,2760,0,0.0,0.0,1,3183.150634765625,False,3183.150634765625
187,1902,0,0.0,0.0,1,244.71827697753906,False,244.71827697753906
127,3219,0,660.0,6.493753839851686,1,1881.6932373046875,False,1221.6932373046875
212,7743,0,0.0,0.0,1,581.6597290039062,False,581.6597290039062
244,5355,0,0.0,0.0,0,0.0,True,0.0
192,1574,0,0.0,0.0,0,0.0,True,0.0
139,12496,0,0.0,0.0,1,6353.005859375,False,6353.005859375
148,8426,1,480.0,6.175867270105761,1,1015.888671875,True,535.888671875
233,2065,0,0.0,0.0,0,0.0,True,0.0
240,7511,0,21.0,3.091042453358316,1,333.6566467285156,False,312.6566467285156
144,8013,0,0.0,0.0,0,0.0,True,0.0
224,11996,0,0.0,0.0,1,250.92593383789062,False,250.92593383789062
127,238,0,0.0,0.0,1,2061.765380859375,False,2061.765380859375
125,3534,0,0.0,0.0,1,2861.3408203125,False,2861.3408203125
129,3418,0,0.0,0.0,1,259.4762268066406,False,259.4762268066406
146,6907,0,0.0,0.0,1,2260.046142578125,False,2260.046142578125
203,2164,1,32.0,3.49650756146648,1,424.83282470703125,True,392.83282470703125
234,11564,1,240.0,5.484796933490655,1,1627.73974609375,True,1387.73974609375
129,293,0,0.0,0.0,1,500.54498291015625,False,500.54498291015625
176,12957,1,240.0,5.484796933490655,1,1124.7589111328125,True,884.7589111328125
122,9202,1,2160.0,7.678326356506885,1,2580.934326171875,True,420.934326171875
253,10841,0,0.0,0.0,0,0.0,True,0.0
191,14080,1,8.0,2.19722457733622,1,91.3710708618164,True,83.3710708618164
228,2935,0,0.0,0.0,0,0.0,True,0.0
189,1767,0,150.0,5.017279836814924,1,507.3518371582031,False,357.3518371582031
226,7839,1,240.0,5.484796933490655,1,571.4791259765625,True,331.4791259765625
127,12666,0,0.0,0.0,1,3052.16796875,False,3052.16796875
238,13866,1,240.0,5.484796933490655,1,771.549072265625,True,531.549072265625
133,9173,0,480.0,6.175867270105761,1,917.0319213867188,False,437.03192138671875
127,526,0,0.0,0.0,1,979.2081298828125,False,979.2081298828125
124,3189,0,0.0,0.0,1,666.967529296875,False,666.967529296875
253,13537,0,1200.0,7.090909822079984,0,0.0,True,1200.0
143,6957,0,0.0,0.0,1,1281.715576171875,False,1281.715576171875
229,7248,0,0.0,0.0,1,835.16748046875,False,835.16748046875
141,370,0,15000.0,9.61587214452889,1,18187.623046875,False,3187.623046875
204,13981,0,120.0,4.795790545596741,0,0.0,True,120.0
141,3352,0,0.0,0.0,0,0.0,True,0.0
187,14929,0,30.0,3.4339872044851463,1,301.86102294921875,False,271.86102294921875
201,2166,1,5120.0,8.54110501146255,1,4833.08935546875,True,286.91064453125
227,7437,1,36.0,3.610917912644224,1,1594.5450439453125,True,1558.5450439453125
122,3421,0,0.0,0.0,1,3526.940673828125,False,3526.940673828125
137,3644,1,1400.0,7.244941546337007,1,3490.21630859375,True,2090.21630859375
124,3657,0,0.0,0.0,1,1096.723876953125,False,1096.723876953125
177,1990,1,0.8,0.5877866649021191,1,149.27345275878906,True,148.47345275878905
211,2308,0,70.0,4.262679877041316,1,423.3819885253906,False,353.3819885253906
251,6532,1,600.0,6.398594934535208,1,2077.89697265625,True,1477.89697265625
144,16290,0,0.0,0.0,0,0.0,True,0.0
236,2939,0,180.0,5.198497031265826,1,1815.384521484375,False,1635.384521484375
243,5945,0,0.0,0.0,1,1005.2711181640625,False,1005.2711181640625
122,3273,0,800.0,6.68586094706836,1,2636.887939453125,False,1836.887939453125
140,222,1,2000.0,7.601402334583733,1,6080.224609375,True,4080.224609375
141,3373,0,0.0,0.0,1,12727.4931640625,False,12727.4931640625
252,755,0,140.0,4.948759890378168,0,0.0,True,140.0
224,16043,0,0.0,0.0,1,241.28810119628906,False,241.28810119628906
231,7543,0,0.0,0.0,1,1162.000732421875,False,1162.000732421875
242,2734,0,0.0,0.0,1,9679.9931640625,False,9679.9931640625
129,80,0,8.0,2.19722457733622,1,428.9030456542969,False,420.9030456542969
226,11623,0,0.0,0.0,0,0.0,True,0.0
245,5865,0,0.0,0.0,1,536.1892700195312,False,536.1892700195312
140,3356,0,0.0,0.0,1,4573.4130859375,False,4573.4130859375
231,2928,0,0.0,0.0,1,1904.040771484375,False,1904.040771484375
125,250,0,660.0,6.493753839851686,1,1322.42919921875,False,662.42919921875
233,2664,0,2400.0,7.783640596221253,1,1833.2255859375,False,566.7744140625
234,4822,0,0.0,0.0,1,2518.015869140625,False,2518.015869140625
138,93,0,0.0,0.0,0,0.0,True,0.0
135,290,1,64.0,4.174387269895637,1,901.2341918945312,True,837.2341918945312
213,2332,0,0.0,0.0,0,0.0,True,0.0
236,16376,1,720.0,6.580639137284949,1,1250.2998046875,True,530.2998046875
233,16373,0,0.0,0.0,0,0.0,True,0.0
243,16365,0,240.0,5.484796933490655,0,0.0,True,240.0
124,3404,1,900.0,6.803505257608338,1,2144.75244140625,True,1244.75244140625
182,10626,0,4.0,1.6094379124341005,1,336.5266418457031,False,332.5266418457031
125,6479,0,0.0,0.0,1,2558.13671875,False,2558.13671875
241,2552,0,600.0,6.398594934535208,1,7492.59716796875,False,6892.59716796875
189,16106,0,0.0,0.0,0,0.0,True,0.0
129,3435,1,80.0,4.394449154672439,1,256.96337890625,True,176.96337890625
171,14080,0,0.0,0.0,1,245.29721069335938,False,245.29721069335938
217,7180,0,0.0,0.0,1,1237.1453857421875,False,1237.1453857421875
215,2332,0,0.0,0.0,0,0.0,True,0.0
125,3183,0,720.0,6.580639137284949,1,1860.291015625,False,1140.291015625
130,3425,1,336.0,5.820082930352362,1,356.87457275390625,True,20.87457275390625
236,2794,0,0.0,0.0,1,926.5821533203125,False,926.5821533203125
180,1956,0,0.0,0.0,0,0.0,True,0.0
231,6864,0,0.0,0.0,1,1910.16259765625,False,1910.16259765625
136,3126,1,96.0,4.574710978503383,1,593.9296875,True,497.9296875
134,290,0,0.0,0.0,1,1677.2462158203125,False,1677.2462158203125
133,14877,1,160.0,5.081404364984463,1,891.8673095703125,True,731.8673095703125
211,5638,1,150.0,5.017279836814924,0,0.0,False,150.0
249,16424,0,680.0,6.523562306149512,1,1259.1531982421875,False,579.1531982421875
148,8952,1,480.0,6.175867270105761,1,761.5111694335938,True,281.51116943359375
175,1966,0,40.0,3.713572066704308,1,302.9774169921875,False,262.9774169921875
171,1568,0,30.0,3.4339872044851463,1,238.8512420654297,False,208.8512420654297
136,93,0,0.0,0.0,1,551.143798828125,False,551.143798828125
178,5983,0,0.0,0.0,1,223.3981475830078,False,223.3981475830078
250,14960,0,2200.0,7.696667081526462,1,5013.59326171875,False,2813.59326171875
141,164,0,0.0,0.0,0,0.0,True,0.0
251,5833,0,720.0,6.580639137284949,1,1989.26708984375,False,1269.26708984375
137,288,0,0.0,0.0,1,2147.781005859375,False,2147.781005859375
126,3573,1,480.0,6.175867270105761,1,1789.773193359375,True,1309.773193359375
241,2583,1,2400.0,7.783640596221253,1,6839.6728515625,True,4439.6728515625
174,1826,1,240.0,5.484796933490655,1,1542.55078125,True,1302.55078125
236,7596,1,1800.0,7.496097345175956,1,2243.270751953125,True,443.270751953125
234,7267,0,60.0,4.110873864173311,1,848.1976318359375,False,788.1976318359375
166,1968,0,40.0,3.713572066704308,0,0.0,True,40.0
142,12922,0,300.0,5.707110264748875,1,2913.88330078125,False,2613.88330078125
139,16004,0,800.0,6.68586094706836,1,6322.255859375,False,5522.255859375
172,6397,0,30.0,3.4339872044851463,1,270.53857421875,False,240.53857421875
133,9144,1,480.0,6.175867270105761,1,652.8109741210938,True,172.81097412109375
189,14789,0,0.0,0.0,1,1232.6927490234375,False,1232.6927490234375
188,4232,0,0.0,0.0,1,285.7867736816406,False,285.7867736816406
185,5914,0,0.0,0.0,1,263.8866271972656,False,263.8866271972656
122,3643,0,4800.0,8.476579508530941,1,2909.97802734375,False,1890.02197265625
249,5792,0,0.0,0.0,0,0.0,True,0.0
126,1429,0,180.0,5.198497031265826,1,1586.4952392578125,False,1406.4952392578125
231,2548,1,750.0,6.621405651764134,1,1853.5843505859375,True,1103.5843505859375
216,7923,0,0.0,0.0,0,0.0,True,0.0
209,16706,0,0.0,0.0,0,0.0,True,0.0
233,12291,0,0.0,0.0,1,2726.95703125,False,2726.95703125
129,3758,0,0.0,0.0,1,925.2210693359375,False,925.2210693359375
235,2848,0,0.0,0.0,1,1858.0107421875,False,1858.0107421875
147,6364,0,420.0,6.042632833682381,1,1194.9456787109375,False,774.9456787109375
124,1332,0,0.0,0.0,1,868.6531372070312,False,868.6531372070312
121,267,0,900.0,6.803505257608338,1,2675.697509765625,False,1775.697509765625
232,7203,1,1400.0,7.244941546337007,1,1761.8082275390625,True,361.8082275390625
184,12695,0,9.0,2.302585092994046,0,0.0,True,9.0
213,10211,0,0.0,0.0,0,0.0,True,0.0
180,6554,1,8.0,2.19722457733622,1,422.1442565917969,True,414.1442565917969
250,16424,0,0.0,0.0,1,1221.21533203125,False,1221.21533203125
142,12672,1,9500.0,9.15915233520675,1,7414.88427734375,True,2085.11572265625
144,12440,0,0.0,0.0,0,0.0,True,0.0
234,16516,0,0.0,0.0,1,859.3006591796875,False,859.3006591796875
240,2646,1,225.0,5.420534999272286,1,1245.3343505859375,True,1020.3343505859375
249,5148,0,0.0,0.0,0,0.0,True,0.0
203,1420,0,0.0,0.0,1,768.076904296875,False,768.076904296875
202,2097,1,256.0,5.54907608489522,1,885.2616577148438,True,629.2616577148438
146,8618,0,90.0,4.51085950651685,1,777.540283203125,False,687.540283203125
166,16090,0,0.0,0.0,0,0.0,True,0.0
249,2053,0,200.0,5.303304908059076,0,0.0,True,200.0
209,14842,0,0.0,0.0,0,0.0,True,0.0
240,2769,0,0.0,0.0,1,2403.623291015625,False,2403.623291015625
124,221,0,0.0,0.0,1,1387.7720947265625,False,1387.7720947265625
138,229,0,1800.0,7.496097345175956,0,0.0,True,1800.0
178,1885,1,3.2,1.4350845252893227,1,76.06828308105469,True,72.86828308105468
137,12478,0,600.0,6.398594934535208,1,2147.781005859375,False,1547.781005859375
143,12596,1,750.0,6.621405651764134,1,1931.5260009765625,True,1181.5260009765625
245,5193,0,150.0,5.017279836814924,1,171.62554931640625,False,21.62554931640625
145,16500,0,0.0,0.0,1,5555.810546875,False,5555.810546875
136,329,1,3.2,1.4350845252893227,1,105.11029815673828,True,101.91029815673828
130,3889,0,0.0,0.0,1,691.885009765625,False,691.885009765625
240,7584,1,48.0,3.8918202981106265,1,349.9718017578125,True,301.9718017578125
231,2908,0,2500.0,7.824445930877619,1,5311.93359375,False,2811.93359375
165,1542,0,90.0,4.51085950651685,1,729.3777465820312,False,639.3777465820312
138,3575,0,0.0,0.0,1,8987.5517578125,False,8987.5517578125
138,3335,0,0.0,0.0,1,8884.287109375,False,8884.287109375
172,1899,0,60.0,4.110873864173311,1,592.791015625,False,532.791015625
127,12678,0,0.0,0.0,1,1963.562744140625,False,1963.562744140625
234,2806,0,210.0,5.351858133476067,1,845.5328369140625,False,635.5328369140625
140,3071,0,200.0,5.303304908059076,1,7461.392578125,False,7261.392578125
213,16441,0,240.0,5.484796933490655,1,848.297607421875,False,608.297607421875
171,14921,0,60.0,4.110873864173311,1,304.6563415527344,False,244.65634155273438
143,8001,0,0.0,0.0,1,1964.204833984375,False,1964.204833984375
228,16446,0,0.0,0.0,1,965.6090698242188,False,965.6090698242188
236,7540,1,480.0,6.175867270105761,1,2033.5087890625,True,1553.5087890625
130,147,1,64.0,4.174387269895637,1,357.4848937988281,True,293.4848937988281
135,12692,1,480.0,6.175867270105761,1,806.9060668945312,True,326.90606689453125
249,6536,1,960.0,6.8679744089702925,1,1984.5087890625,True,1024.5087890625
144,6230,0,1800.0,7.496097345175956,0,0.0,True,1800.0
222,2350,0,0.0,0.0,0,0.0,True,0.0
252,5021,1,160.0,5.081404364984463,1,867.0624389648438,True,707.0624389648438
120,12085,0,0.0,0.0,1,3826.434326171875,False,3826.434326171875
226,16847,0,0.0,0.0,0,0.0,True,0.0
222,14012,0,0.0,0.0,1,147.48321533203125,False,147.48321533203125
141,222,0,0.0,0.0,0,0.0,True,0.0
126,9145,1,480.0,6.175867270105761,1,2755.606689453125,True,2275.606689453125
229,2688,1,480.0,6.175867270105761,1,972.4603881835938,True,492.46038818359375
253,12946,0,240.0,5.484796933490655,0,0.0,True,240.0
231,12239,1,2500.0,7.824445930877619,1,1771.461181640625,True,728.538818359375
242,2963,0,1260.0,7.13966033596492,1,8020.1044921875,False,6760.1044921875
222,2418,0,0.0,0.0,0,0.0,True,0.0
146,8052,0,90.0,4.51085950651685,1,812.0853881835938,False,722.0853881835938
228,2774,0,0.0,0.0,0,0.0,True,0.0
126,170,0,900.0,6.803505257608338,1,2770.818115234375,False,1870.818115234375
242,2624,0,0.0,0.0,1,7942.42041015625,False,7942.42041015625
135,1233,0,24.0,3.218875824868201,1,538.1786499023438,False,514.1786499023438
210,16655,0,35.0,3.58351893845611,1,581.4185791015625,False,546.4185791015625
129,61,1,16.0,2.833213344056216,1,552.0326538085938,True,536.0326538085938
211,2277,0,0.0,0.0,1,258.6606750488281,False,258.6606750488281
230,7241,0,600.0,6.398594934535208,1,1066.6173095703125,False,466.6173095703125
187,1718,0,30.0,3.4339872044851463,1,590.7416381835938,False,560.7416381835938
217,12029,0,0.0,0.0,1,2807.6904296875,False,2807.6904296875
174,11578,1,360.0,5.8888779583328805,1,378.2864685058594,True,18.286468505859375
134,9202,0,0.0,0.0,1,1371.009765625,False,1371.009765625
178,1685,0,0.8000000000000007,0.5877866649021194,0,0.0,True,0.8000000000000007
146,8238,0,0.0,0.0,1,819.7828369140625,False,819.7828369140625
136,165,0,0.0,0.0,1,383.0709533691406,False,383.0709533691406
126,13897,1,2400.0,7.783640596221253,1,3505.80224609375,True,1105.80224609375
232,7525,0,0.0,0.0,1,957.3626708984375,False,957.3626708984375
134,14771,0,0.0,0.0,1,945.440185546875,False,945.440185546875
251,5744,0,0.0,0.0,1,985.9609375,False,985.9609375
165,5983,0,0.0,0.0,1,512.0303955078125,False,512.0303955078125
133,3230,1,960.0,6.8679744089702925,1,858.8348999023438,True,101.16510009765625
236,13979,0,180.0,5.198497031265826,1,2251.586181640625,False,2071.586181640625
140,9008,0,0.0,0.0,1,6626.09228515625,False,6626.09228515625
230,12755,0,0.0,0.0,1,2239.0419921875,False,2239.0419921875
121,1233,0,240.0,5.484796933490655,1,2822.413818359375,False,2582.413818359375
135,1247,1,160.0,5.081404364984463,1,609.522705078125,True,449.522705078125
134,3590,0,160.0,5.081404364984463,1,1103.918701171875,False,943.918701171875
147,8517,0,0.0,0.0,1,1042.8665771484375,False,1042.8665771484375
217,10252,0,0.0,0.0,1,1178.6021728515625,False,1178.6021728515625
204,2150,0,0.0,0.0,0,0.0,True,0.0
213,2440,0,0.0,0.0,0,0.0,True,0.0
137,3791,1,1600.0,7.378383712996714,1,2913.38916015625,True,1313.38916015625
129,6460,0,0.0,0.0,1,453.3148193359375,False,453.3148193359375
147,8168,0,0.0,0.0,1,2015.72900390625,False,2015.72900390625
139,368,0,2000.0,7.601402334583733,1,8324.115234375,False,6324.115234375
175,10670,1,160.0,5.081404364984463,1,368.21319580078125,True,208.21319580078125
146,14749,0,0.0,0.0,1,1782.0374755859375,False,1782.0374755859375
134,3435,0,184.0,5.220355825078324,1,428.3179626464844,False,244.31796264648438
227,13866,1,48.0,3.8918202981106265,1,366.0189208984375,True,318.0189208984375
210,2257,0,0.0,0.0,1,545.2622680664062,False,545.2622680664062
170,14789,0,0.0,0.0,1,901.14599609375,False,901.14599609375
188,1593,0,0.0,0.0,1,271.3354187011719,False,271.3354187011719
244,11682,0,0.0,0.0,1,2669.4423828125,False,2669.4423828125
122,3565,1,3040.0,8.019941687677365,1,3956.255859375,True,916.255859375
220,2241,0,0.0,0.0,1,399.3104248046875,False,399.3104248046875
244,10446,0,0.0,0.0,0,0.0,True,0.0
227,12456,0,12.0,2.5649493574615367,1,1635.7080078125,False,1623.7080078125
244,5342,0,1440.0,7.273092595999522,0,0.0,True,1440.0
230,13663,0,0.0,0.0,1,1199.4949951171875,False,1199.4949951171875
208,2152,0,0.0,0.0,0,0.0,True,0.0
122,3573,0,80.0,4.394449154672439,1,1049.349609375,False,969.349609375
144,5641,0,0.0,0.0,0,0.0,True,0.0
225,2394,0,0.0,0.0,1,427.2901611328125,False,427.2901611328125
138,9064,0,2400.0,7.783640596221253,1,8627.7666015625,False,6227.7666015625
137,3077,1,1200.0,7.090909822079984,1,1777.6573486328125,True,577.6573486328125
183,1899,0,6.0,1.9459101490553128,1,406.1470031738281,False,400.1470031738281
236,7203,1,480.0,6.175867270105761,1,1721.6717529296875,True,1241.6717529296875
130,3137,0,0.0,0.0,1,568.8622436523438,False,568.8622436523438
222,11621,1,16.0,2.833213344056216,1,152.72549438476562,True,136.72549438476562
239,4939,0,1400.0,7.244941546337007,1,6801.3974609375,False,5401.3974609375
176,16680,1,720.0,6.580639137284949,1,1242.8612060546875,True,522.8612060546875
168,1899,0,240.0,5.484796933490655,1,877.2697143554688,False,637.2697143554688
182,12979,0,0.0,0.0,1,344.99212646484375,False,344.99212646484375
235,16129,0,0.0,0.0,1,1081.4722900390625,False,1081.4722900390625
121,9275,0,780.0,6.660575149839686,1,6027.53173828125,False,5247.53173828125
134,12479,1,320.0,5.771441123130016,1,1809.24658203125,True,1489.24658203125
137,31,0,920.0,6.825460036255307,0,0.0,True,920.0
236,16341,1,480.0,6.175867270105761,1,1589.969970703125,True,1109.969970703125
136,3499,1,64.0,4.174387269895637,1,807.3991088867188,True,743.3991088867188
234,11923,0,0.0,0.0,1,841.9246215820312,False,841.9246215820312
120,9149,0,150.0,5.017279836814924,1,2832.104736328125,False,2682.104736328125
140,9273,0,900.0,6.803505257608338,1,7354.275390625,False,6454.275390625
121,3677,0,540.0,6.293419278846481,1,2078.206787109375,False,1538.206787109375
228,11564,0,0.0,0.0,0,0.0,True,0.0
237,2529,0,0.0,0.0,1,1076.466064453125,False,1076.466064453125
142,9211,0,0.0,0.0,1,2547.026611328125,False,2547.026611328125
137,3681,0,0.0,0.0,1,2460.3857421875,False,2460.3857421875
133,9280,0,0.0,0.0,1,673.6581420898438,False,673.6581420898438
220,2350,1,300.0,5.707110264748875,1,367.8746337890625,True,67.8746337890625
142,3873,1,2000.0,7.601402334583733,1,4184.07373046875,True,2184.07373046875
188,16208,1,320.0,5.771441123130016,1,284.6993408203125,True,35.3006591796875
173,16090,0,0.0,0.0,1,390.4803771972656,False,390.4803771972656
133,3600,0,0.0,0.0,1,806.1290893554688,False,806.1290893554688
233,10236,0,0.0,0.0,0,0.0,True,0.0
144,8348,0,0.0,0.0,0,0.0,True,0.0
221,2377,1,16.0,2.833213344056216,1,272.91339111328125,True,256.91339111328125
227,10877,0,9.0,2.302585092994046,1,422.30096435546875,False,413.30096435546875
120,3406,0,0.0,0.0,1,3826.434326171875,False,3826.434326171875
252,16216,1,400.0,5.993961427306569,1,908.0302734375,True,508.0302734375
249,5574,0,0.0,0.0,0,0.0,True,0.0
139,1289,0,1100.0,7.00397413672268,1,2661.115478515625,False,1561.115478515625
126,19,0,0.0,0.0,1,2144.487060546875,False,2144.487060546875
241,12243,1,8000.0,8.987321812850125,1,7697.07080078125,True,302.92919921875
138,3297,0,2000.0,7.601402334583733,1,10312.4140625,False,8312.4140625
250,5590,0,240.0,5.484796933490655,1,956.4517211914062,False,716.4517211914062
123,169,0,0.0,0.0,1,347.2852478027344,False,347.2852478027344
201,2023,0,0.0,0.0,0,0.0,True,0.0
133,208,0,0.0,0.0,1,610.7982788085938,False,610.7982788085938
213,2483,0,520.0,6.255750041753367,1,1420.464599609375,False,900.464599609375
139,3708,0,0.0,0.0,1,2867.754150390625,False,2867.754150390625
122,3229,1,2400.0,7.783640596221253,1,3384.126708984375,True,984.126708984375
229,2628,0,660.0,6.493753839851686,1,977.8056640625,False,317.8056640625
221,2472,1,24.0,3.218875824868201,1,362.5809631347656,True,338.5809631347656
133,379,0,0.0,0.0,1,781.0418090820312,False,781.0418090820312
120,16099,0,400.0,5.993961427306569,0,0.0,True,400.0
129,3367,1,16.0,2.833213344056216,1,518.7702026367188,True,502.77020263671875
191,16136,1,16.0,2.833213344056216,1,297.4273681640625,True,281.4273681640625
253,16222,1,4800.0,8.476579508530941,0,0.0,False,4800.0
139,3738,0,500.0,6.2166061010848646,1,6829.96728515625,False,6329.96728515625
139,157,0,0.0,0.0,0,0.0,True,0.0
232,16269,0,0.0,0.0,1,4926.70068359375,False,4926.70068359375
141,3259,0,0.0,0.0,1,4636.71240234375,False,4636.71240234375
138,3801,0,1200.0,7.090909822079984,1,5820.0361328125,False,4620.0361328125
131,3606,0,0.0,0.0,1,1392.7667236328125,False,1392.7667236328125
235,12688,0,0.0,0.0,1,1115.351318359375,False,1115.351318359375
251,5185,1,160.0,5.081404364984463,1,966.8588256835938,True,806.8588256835938
224,11954,0,0.0,0.0,1,255.0555877685547,False,255.0555877685547
253,10446,0,0.0,0.0,0,0.0,True,0.0
184,11083,1,57.0,4.060443010546419,1,209.49072265625,True,152.49072265625
177,2987,0,0.0,0.0,1,338.8465576171875,False,338.8465576171875
248,5865,0,0.0,0.0,1,540.4964599609375,False,540.4964599609375
121,12859,0,1200.0,7.090909822079984,1,3517.288330078125,False,2317.288330078125
221,2295,1,8.0,2.19722457733622,1,135.3550567626953,True,127.35505676269531
162,4619,0,0.0,0.0,1,1473.87158203125,False,1473.87158203125
137,3925,0,680.0,6.523562306149512,1,2987.343017578125,False,2307.343017578125
169,1626,1,160.0,5.081404364984463,1,965.810302734375,True,805.810302734375
172,14929,0,30.0,3.4339872044851463,1,281.2703552246094,False,251.27035522460938
239,2892,0,1000.0,6.90875477931522,1,8868.0986328125,False,7868.0986328125
232,13663,0,0.0,0.0,1,1171.9146728515625,False,1171.9146728515625
242,2841,0,840.0,6.734591659972948,1,9679.9931640625,False,8839.9931640625
216,11991,1,800.0,6.68586094706836,0,0.0,False,800.0
185,12704,0,0.0,0.0,1,152.16024780273438,False,152.16024780273438
212,12974,0,0.0,0.0,1,354.32501220703125,False,354.32501220703125
120,12774,0,0.0,0.0,1,3809.017578125,False,3809.017578125
231,7216,0,50.0,3.9318256327243257,1,1013.7835693359375,False,963.7835693359375
170,16699,1,160.0,5.081404364984463,1,921.06494140625,True,761.06494140625
242,2652,0,0.0,0.0,1,2581.793701171875,False,2581.793701171875
134,3085,1,440.0,6.089044875446846,1,1889.491943359375,True,1449.491943359375
252,5220,0,0.0,0.0,1,888.282470703125,False,888.282470703125
252,5452,0,200.0,5.303304908059076,0,0.0,True,200.0
130,1347,1,280.0,5.638354669333745,1,617.8992309570312,True,337.89923095703125
122,1460,0,0.0,0.0,1,3526.940673828125,False,3526.940673828125
234,4925,1,240.0,5.484796933490655,1,1132.55810546875,True,892.55810546875
126,3311,0,0.0,0.0,1,2782.072265625,False,2782.072265625
239,2805,1,3000.0,8.006700845440367,1,6672.984375,True,3672.984375
246,5393,1,320.0,5.771441123130016,1,702.2240600585938,True,382.22406005859375
135,3820,1,32.0,3.49650756146648,1,538.15771484375,True,506.15771484375
249,5226,0,0.0,0.0,0,0.0,True,0.0
243,5435,0,60.0,4.110873864173311,0,0.0,True,60.0
140,229,0,200.0,5.303304908059076,0,0.0,True,200.0
133,9245,0,0.0,0.0,1,644.3877563476562,False,644.3877563476562
220,2450,1,300.0,5.707110264748875,1,525.2135620117188,True,225.21356201171875
130,3316,0,72.0,4.290459441148391,1,593.5568237304688,False,521.5568237304688
237,7573,0,180.0,5.198497031265826,1,1002.577880859375,False,822.577880859375
237,7981,1,480.0,6.175867270105761,1,982.5258178710938,True,502.52581787109375
204,2131,0,0.0,0.0,0,0.0,True,0.0
135,3406,1,64.0,4.174387269895637,1,923.9880981445312,True,859.9880981445312
151,12057,0,500.0,6.2166061010848646,1,1553.2769775390625,False,1053.2769775390625
232,2954,1,2800.0,7.937731775260109,1,4494.931640625,True,1694.931640625
146,8018,0,420.0,6.042632833682381,1,2208.8349609375,False,1788.8349609375
127,120,0,180.0,5.198497031265826,1,1824.8009033203125,False,1644.8009033203125
235,6695,0,120.0,4.795790545596741,1,852.7742919921875,False,732.7742919921875
253,5560,0,1080.0,6.985641817639208,0,0.0,True,1080.0
122,3474,0,0.0,0.0,1,1495.4801025390625,False,1495.4801025390625
226,7955,0,0.0,0.0,1,578.48876953125,False,578.48876953125
142,6386,0,0.0,0.0,0,0.0,True,0.0
131,14706,0,120.0,4.795790545596741,1,1032.5595703125,False,912.5595703125
148,8369,1,4800.0,8.476579508530941,1,1809.8997802734375,True,2990.1002197265625
182,1813,0,6.0,1.9459101490553128,1,171.27008056640625,False,165.27008056640625
184,1679,0,0.0,0.0,1,361.8690490722656,False,361.8690490722656
127,153,0,540.0,6.293419278846481,1,2062.88427734375,False,1522.88427734375
121,3047,1,3900.0,8.268988209506656,1,2822.413818359375,True,1077.586181640625
232,14610,0,0.0,0.0,1,2072.78955078125,False,2072.78955078125
139,229,0,500.0,6.2166061010848646,0,0.0,True,500.0
134,9008,1,160.0,5.081404364984463,1,1344.6763916015625,True,1184.6763916015625
146,6905,1,240.0,5.484796933490655,1,826.64404296875,True,586.64404296875
228,7674,0,180.0,5.198497031265826,0,0.0,True,180.0
149,4007,0,0.0,0.0,1,1551.6005859375,False,1551.6005859375
148,11684,0,0.0,0.0,1,761.5111694335938,False,761.5111694335938
141,1486,0,0.0,0.0,1,16591.935546875,False,16591.935546875
148,12997,0,180.0,5.198497031265826,1,751.6296997070312,False,571.6296997070312
210,2473,0,0.0,0.0,1,531.0558471679688,False,531.0558471679688
185,1596,1,60.0,4.110873864173311,1,270.5564270019531,True,210.55642700195312
143,12742,0,0.0,0.0,1,1939.014404296875,False,1939.014404296875
214,12725,0,0.0,0.0,1,1023.0265502929688,False,1023.0265502929688
146,8127,0,0.0,0.0,1,1782.0374755859375,False,1782.0374755859375
147,8738,0,420.0,6.042632833682381,1,1239.9952392578125,False,819.9952392578125
131,3210,0,0.0,0.0,1,1363.07080078125,False,1363.07080078125
138,141,0,8.0,2.19722457733622,1,341.68780517578125,False,333.68780517578125
148,8548,1,480.0,6.175867270105761,1,822.53759765625,True,342.53759765625
173,12473,1,80.0,4.394449154672439,1,263.46734619140625,True,183.46734619140625
208,16295,1,4750.0,8.46611040118692,1,3558.847900390625,True,1191.152099609375
162,4703,0,250.0,5.525452939131784,1,1476.3797607421875,False,1226.3797607421875
170,1964,0,0.0,0.0,1,857.7804565429688,False,857.7804565429688
249,12407,0,0.0,0.0,1,1083.5223388671875,False,1083.5223388671875
130,12962,0,0.0,0.0,1,604.7929077148438,False,604.7929077148438
213,16847,0,480.0,6.175867270105761,0,0.0,True,480.0
204,14946,0,0.0,0.0,0,0.0,True,0.0
226,2342,0,0.0,0.0,1,552.3899536132812,False,552.3899536132812
134,199,0,0.0,0.0,1,1371.009765625,False,1371.009765625
223,2283,0,0.0,0.0,1,747.10107421875,False,747.10107421875
127,12638,1,4200.0,8.343077871169383,1,3276.15380859375,True,923.84619140625
230,2683,0,60.0,4.110873864173311,1,925.3509521484375,False,865.3509521484375
217,7807,0,200.0,5.303304908059076,1,1045.1884765625,False,845.1884765625
129,3881,0,0.0,0.0,1,251.38490295410156,False,251.38490295410156
189,10670,1,200.0,5.303304908059076,1,817.8607177734375,True,617.8607177734375
231,7533,0,100.0,4.61512051684126,1,782.138916015625,False,682.138916015625
239,2832,0,1200.0,7.090909822079984,1,6572.93359375,False,5372.93359375
131,526,0,0.0,0.0,1,358.34515380859375,False,358.34515380859375
147,12045,0,0.0,0.0,1,1994.697265625,False,1994.697265625
253,12539,0,3240.0,8.083637203141548,0,0.0,True,3240.0
222,16196,0,0.0,0.0,1,154.8944854736328,False,154.8944854736328
122,180,1,1200.0,7.090909822079984,1,1345.1744384765625,True,145.1744384765625
125,3413,0,0.0,0.0,1,1825.4290771484375,False,1825.4290771484375
139,9241,0,0.0,0.0,1,6353.005859375,False,6353.005859375
244,5215,0,0.0,0.0,0,0.0,True,0.0
242,14713,0,0.0,0.0,1,1965.2432861328125,False,1965.2432861328125
221,2413,0,0.0,0.0,1,137.6602783203125,False,137.6602783203125
230,4858,0,0.0,0.0,0,0.0,True,0.0
238,2956,0,60.0,4.110873864173311,1,1084.4273681640625,False,1024.4273681640625
146,8198,0,60.0,4.110873864173311,1,828.0358276367188,False,768.0358276367188
240,10361,0,0.0,0.0,1,336.1773681640625,False,336.1773681640625
244,5462,0,480.0,6.175867270105761,0,0.0,True,480.0
209,16276,0,0.0,0.0,0,0.0,True,0.0
145,8345,0,0.0,0.0,0,0.0,True,0.0
146,8310,0,0.0,0.0,0,0.0,True,0.0
240,14500,0,0.0,0.0,1,325.97967529296875,False,325.97967529296875
228,12545,0,240.0,5.484796933490655,0,0.0,True,240.0
253,16469,0,1920.0,7.560601162768557,0,0.0,True,1920.0
203,16534,0,0.0,0.0,1,912.9600219726562,False,912.9600219726562
141,9243,0,0.0,0.0,1,405.5419921875,False,405.5419921875
136,197,0,40.0,3.713572066704308,1,907.6530151367188,False,867.6530151367188
135,12479,1,96.0,4.574710978503383,1,1128.3011474609375,True,1032.3011474609375
127,12774,0,0.0,0.0,1,3321.75537109375,False,3321.75537109375
180,1598,1,8.0,2.19722457733622,1,210.94822692871094,True,202.94822692871094
136,3607,0,72.0,4.290459441148391,1,1149.3466796875,False,1077.3466796875
146,13620,0,1650.0,7.409136443920128,1,1548.2874755859375,False,101.7125244140625
138,3061,0,0.0,0.0,1,11352.3603515625,False,11352.3603515625
217,2440,0,900.0,6.803505257608338,1,1083.7838134765625,False,183.7838134765625
238,2758,1,240.0,5.484796933490655,1,1448.149169921875,True,1208.149169921875
145,8168,0,0.0,0.0,1,1980.696044921875,False,1980.696044921875
231,7286,0,500.0,6.2166061010848646,1,1886.602294921875,False,1386.602294921875
133,3571,0,160.0,5.081404364984463,1,875.4925537109375,False,715.4925537109375
167,12294,0,0.0,0.0,1,1096.6572265625,False,1096.6572265625
216,2292,0,0.0,0.0,0,0.0,True,0.0
243,6540,0,0.0,0.0,0,0.0,True,0.0
134,3657,0,0.0,0.0,1,825.240234375,False,825.240234375
215,2425,0,300.0,5.707110264748875,0,0.0,True,300.0
167,1522,0,0.0,0.0,1,1079.9696044921875,False,1079.9696044921875
212,2473,0,0.0,0.0,1,270.4832458496094,False,270.4832458496094
243,5045,0,0.0,0.0,0,0.0,True,0.0
172,1674,0,0.0,0.0,1,282.9228515625,False,282.9228515625
173,1529,0,0.0,0.0,1,258.0222473144531,False,258.0222473144531
142,6365,0,2200.0,7.696667081526462,1,6138.19921875,False,3938.19921875
178,1512,0,0.8000000000000007,0.5877866649021194,0,0.0,True,0.8000000000000007
146,8372,0,0.0,0.0,1,814.3621215820312,False,814.3621215820312
131,14770,0,0.0,0.0,1,1032.7613525390625,False,1032.7613525390625
131,102,0,0.0,0.0,1,371.5086364746094,False,371.5086364746094
174,12780,1,120.0,4.795790545596741,1,395.2782287597656,True,275.2782287597656
146,8369,1,2400.0,7.783640596221253,1,1799.986083984375,True,600.013916015625
238,7495,1,450.0,6.111467339502679,1,941.8025512695312,True,491.80255126953125
242,13979,0,0.0,0.0,1,7086.97802734375,False,7086.97802734375
251,5214,0,280.0,5.638354669333745,1,966.8588256835938,False,686.8588256835938
234,2785,1,240.0,5.484796933490655,1,875.5873413085938,True,635.5873413085938
239,10875,1,6400.0,8.764209507142004,1,8868.0986328125,True,2468.0986328125
129,12153,0,0.0,0.0,1,503.69146728515625,False,503.69146728515625
120,55,0,200.0,5.303304908059076,1,1374.9796142578125,False,1174.9796142578125
228,2670,0,60.0,4.110873864173311,0,0.0,True,60.0
253,5289,0,480.0,6.175867270105761,0,0.0,True,480.0
130,10814,0,0.0,0.0,1,602.729248046875,False,602.729248046875
138,1279,0,1400.0,7.244941546337007,1,4748.0966796875,False,3348.0966796875
147,10888,0,480.0,6.175867270105761,1,1958.9117431640625,False,1478.9117431640625
122,3254,0,400.0,5.993961427306569,1,3569.110107421875,False,3169.110107421875
251,746,0,600.0,6.398594934535208,1,1363.081298828125,False,763.081298828125
137,3482,0,0.0,0.0,1,2748.729248046875,False,2748.729248046875
234,10316,1,240.0,5.484796933490655,1,1251.210693359375,True,1011.210693359375
133,3793,0,0.0,0.0,1,814.6456298828125,False,814.6456298828125
175,1871,0,0.0,0.0,1,302.9774169921875,False,302.9774169921875
245,5147,0,250.0,5.525452939131784,1,630.0239868164062,False,380.02398681640625
207,16251,0,0.0,0.0,1,693.5349731445312,False,693.5349731445312
135,16799,1,160.0,5.081404364984463,1,552.655029296875,True,392.655029296875
238,13914,0,0.0,0.0,1,772.9165649414062,False,772.9165649414062
243,5683,0,0.0,0.0,0,0.0,True,0.0
251,12537,1,2600.0,7.8636512654486515,1,4874.21484375,True,2274.21484375
137,3226,1,2600.0,7.8636512654486515,1,2312.47509765625,True,287.52490234375
222,7851,0,0.0,0.0,1,147.48321533203125,False,147.48321533203125
135,3602,0,40.0,3.713572066704308,1,552.655029296875,False,512.655029296875
134,55,0,160.0,5.081404364984463,1,1058.4666748046875,False,898.4666748046875
136,3548,0,0.0,0.0,1,718.9531860351562,False,718.9531860351562
144,8271,1,3000.0,8.006700845440367,0,0.0,False,3000.0
209,12461,0,0.0,0.0,0,0.0,True,0.0
240,2779,0,33.0,3.5263605246161616,1,1005.56103515625,False,972.56103515625
126,3198,0,0.0,0.0,1,2028.139892578125,False,2028.139892578125
184,1824,1,12.0,2.5649493574615367,1,92.97010040283203,True,80.97010040283203
233,2989,0,0.0,0.0,1,3178.125,False,3178.125
207,14802,1,240.0,5.484796933490655,1,643.7315673828125,True,403.7315673828125
140,393,1,1900.0,7.550135342488429,1,4265.5859375,True,2365.5859375
127,256,0,0.0,0.0,1,1640.02783203125,False,1640.02783203125
135,247,0,176.0,5.176149732573829,1,651.6441650390625,False,475.6441650390625
227,2805,1,90.0,4.51085950651685,1,780.23388671875,True,690.23388671875
252,11694,0,60.0,4.110873864173311,1,872.6734619140625,False,812.6734619140625
227,2628,0,0.0,0.0,1,662.83837890625,False,662.83837890625
131,9263,0,0.0,0.0,1,1032.5595703125,False,1032.5595703125
253,5387,1,4200.0,8.343077871169383,0,0.0,False,4200.0
130,3029,0,200.0,5.303304908059076,1,983.2984619140625,False,783.2984619140625
189,10679,0,150.0,5.017279836814924,0,0.0,True,150.0
216,2472,0,0.0,0.0,0,0.0,True,0.0
145,8047,0,0.0,0.0,1,1902.92724609375,False,1902.92724609375
140,4943,1,4000.0,8.294299608857235,1,4590.27392578125,True,590.27392578125
131,115,0,0.0,0.0,0,0.0,True,0.0
124,1498,0,0.0,0.0,1,945.0176391601562,False,945.0176391601562
147,16195,0,0.0,0.0,1,860.0877075195312,False,860.0877075195312
218,12029,1,1200.0,7.090909822079984,1,2330.65625,True,1130.65625
122,341,0,0.0,0.0,1,2621.485107421875,False,2621.485107421875
237,13849,0,0.0,0.0,1,2502.856689453125,False,2502.856689453125
122,16232,0,2000.0,7.601402334583733,1,3492.33837890625,False,1492.33837890625
205,14992,0,180.0,5.198497031265826,1,1112.4161376953125,False,932.4161376953125
120,3314,0,0.0,0.0,1,3809.017578125,False,3809.017578125
234,2965,1,240.0,5.484796933490655,1,1351.931396484375,True,1111.931396484375
136,9133,1,160.0,5.081404364984463,1,375.03656005859375,True,215.03656005859375
137,10814,0,0.0,0.0,1,2312.47509765625,False,2312.47509765625
146,16265,0,0.0,0.0,1,826.64404296875,False,826.64404296875
250,5072,1,1520.0,7.327123292259293,1,2011.5035400390625,True,491.5035400390625
142,151,0,700.0,6.55250788703459,0,0.0,True,700.0
220,12807,1,380.0,5.942799375126701,1,540.4592895507812,True,160.45928955078125
133,3356,1,64.0,4.174387269895637,1,670.2169189453125,True,606.2169189453125
253,5754,0,0.0,0.0,0,0.0,True,0.0
146,8011,0,0.0,0.0,1,826.64404296875,False,826.64404296875
130,12153,0,0.0,0.0,1,604.7929077148438,False,604.7929077148438
141,109,1,7200.0,8.881975184248867,0,0.0,False,7200.0
237,7417,0,0.0,0.0,1,1833.5357666015625,False,1833.5357666015625
210,16670,0,0.0,0.0,1,577.866943359375,False,577.866943359375
134,14877,1,1520.0,7.327123292259293,1,1368.9759521484375,True,151.0240478515625
191,10679,0,0.0,0.0,0,0.0,True,0.0
251,831,1,320.0,5.771441123130016,1,965.2755126953125,True,645.2755126953125
184,1512,0,9.0,2.302585092994046,0,0.0,True,9.0
136,11603,1,64.0,4.174387269895637,1,329.3702087402344,True,265.3702087402344
148,8521,1,240.0,5.484796933490655,1,756.8634643554688,True,516.8634643554688
222,2241,0,0.0,0.0,1,146.30007934570312,False,146.30007934570312
127,3126,0,0.0,0.0,1,1759.469970703125,False,1759.469970703125
237,7683,0,0.0,0.0,1,1032.2767333984375,False,1032.2767333984375
131,6486,0,0.0,0.0,1,400.844482421875,False,400.844482421875
220,7920,0,140.0,4.948759890378168,1,529.938720703125,False,389.938720703125
121,11942,0,1800.0,7.496097345175956,1,3729.689208984375,False,1929.689208984375
244,5268,0,0.0,0.0,0,0.0,True,0.0
134,76,0,0.0,0.0,1,1541.734375,False,1541.734375
125,3729,0,0.0,0.0,1,1922.39892578125,False,1922.39892578125
120,3085,0,0.0,0.0,1,3826.434326171875,False,3826.434326171875
167,694,0,0.0,0.0,0,0.0,True,0.0
244,16386,0,0.0,0.0,0,0.0,True,0.0
237,7404,1,240.0,5.484796933490655,1,887.9393920898438,True,647.9393920898438
176,1645,1,480.0,6.175867270105761,1,988.6224975585938,True,508.62249755859375
240,13592,0,0.0,0.0,1,324.9566345214844,False,324.9566345214844
138,3514,0,0.0,0.0,1,11760.48828125,False,11760.48828125
131,379,0,32.0,3.49650756146648,1,647.568603515625,False,615.568603515625
123,293,1,60.0,4.110873864173311,1,851.2900390625,True,791.2900390625
145,8662,0,0.0,0.0,1,1974.5458984375,False,1974.5458984375
144,12928,0,0.0,0.0,0,0.0,True,0.0
210,12366,0,0.0,0.0,1,928.6258544921875,False,928.6258544921875
220,11989,1,160.0,5.081404364984463,1,378.4734191894531,True,218.47341918945312
231,2535,0,0.0,0.0,1,2102.31201171875,False,2102.31201171875
249,12994,0,0.0,0.0,0,0.0,True,0.0
172,1520,0,0.0,0.0,1,276.3466491699219,False,276.3466491699219
158,4714,0,4.0,1.6094379124341005,1,359.8623962402344,False,355.8623962402344
214,2343,0,60.0,4.110873864173311,0,0.0,True,60.0
188,12474,0,0.0,0.0,1,187.61883544921875,False,187.61883544921875
134,12209,0,0.0,0.0,1,1313.3837890625,False,1313.3837890625
144,12089,0,240.0,5.484796933490655,0,0.0,True,240.0
136,6639,0,0.0,0.0,1,381.9133605957031,False,381.9133605957031
145,8916,1,320.0,5.771441123130016,1,588.1951904296875,True,268.1951904296875
179,1528,0,0.0,0.0,1,120.4991455078125,False,120.4991455078125
135,306,0,0.0,0.0,1,577.3364868164062,False,577.3364868164062
236,2639,0,0.0,0.0,1,1039.258544921875,False,1039.258544921875
131,129,0,0.0,0.0,0,0.0,True,0.0
165,1586,0,90.0,4.51085950651685,1,379.9472351074219,False,289.9472351074219
211,2440,0,0.0,0.0,0,0.0,True,0.0
242,12154,0,0.0,0.0,1,6149.77734375,False,6149.77734375
229,4925,0,120.0,4.795790545596741,1,1102.8885498046875,False,982.8885498046875
134,222,1,240.0,5.484796933490655,0,0.0,False,240.0
142,14957,0,0.0,0.0,1,6960.6787109375,False,6960.6787109375
218,2375,0,0.0,0.0,0,0.0,True,0.0
145,8127,0,240.0,5.484796933490655,0,0.0,True,240.0
251,911,1,2400.0,7.783640596221253,1,2595.10107421875,True,195.10107421875
185,16680,1,60.0,4.110873864173311,1,527.812255859375,True,467.812255859375
252,5837,0,0.0,0.0,1,906.4577026367188,False,906.4577026367188
138,10814,0,0.0,0.0,1,8627.7666015625,False,8627.7666015625
234,2859,0,510.0,6.236369590203704,1,1996.9215087890625,False,1486.9215087890625
130,209,0,0.0,0.0,1,678.7013549804688,False,678.7013549804688
244,12935,0,160.0,5.081404364984463,1,1297.13525390625,False,1137.13525390625
140,3513,0,0.0,0.0,1,2964.0771484375,False,2964.0771484375
235,2642,0,180.0,5.198497031265826,1,1395.99853515625,False,1215.99853515625
222,12646,1,16.0,2.833213344056216,1,164.7509765625,True,148.7509765625
232,16311,0,700.0,6.55250788703459,1,1216.944580078125,False,516.944580078125
177,1912,0,0.6000000000000001,0.4700036292457356,1,39.06768798828125,False,38.46768798828125
237,13710,0,0.0,0.0,1,877.7537841796875,False,877.7537841796875
218,7163,0,700.0,6.55250788703459,0,0.0,True,700.0
137,74,1,640.0,6.46302945692067,0,0.0,False,640.0
234,16354,1,120.0,4.795790545596741,1,857.0073852539062,True,737.0073852539062
167,1566,0,0.0,0.0,0,0.0,True,0.0
183,16745,0,0.0,0.0,1,252.1969757080078,False,252.1969757080078
188,7962,0,0.0,0.0,1,434.46185302734375,False,434.46185302734375
232,13669,0,0.0,0.0,1,1063.892333984375,False,1063.892333984375
238,2512,0,0.0,0.0,1,744.3944091796875,False,744.3944091796875
179,1783,0,0.0,0.0,1,118.29710388183594,False,118.29710388183594
242,12147,0,0.0,0.0,1,6149.77734375,False,6149.77734375
234,2743,0,0.0,0.0,1,822.1799926757812,False,822.1799926757812
246,10504,0,400.0,5.993961427306569,1,702.2240600585938,False,302.22406005859375
183,1958,0,0.0,0.0,1,260.2252197265625,False,260.2252197265625
251,16320,0,880.0,6.78105762593618,1,2084.44189453125,False,1204.44189453125
227,2758,1,36.0,3.610917912644224,1,1325.735107421875,True,1289.735107421875
121,1347,0,0.0,0.0,1,2741.3818359375,False,2741.3818359375
171,11866,0,70.0,4.262679877041316,1,287.8547668457031,False,217.85476684570312
138,3003,0,33000.0,10.404293143019792,1,13381.185546875,False,19618.814453125
227,12838,0,0.0,0.0,1,418.1280822753906,False,418.1280822753906
238,14941,1,120.0,4.795790545596741,1,821.372314453125,True,701.372314453125
141,3210,0,4200.0,8.343077871169383,1,12727.4931640625,False,8527.4931640625
122,160,0,0.0,0.0,1,2632.26708984375,False,2632.26708984375
230,11562,0,0.0,0.0,1,1964.9306640625,False,1964.9306640625
129,3669,0,80.0,4.394449154672439,1,819.6260375976562,False,739.6260375976562
142,3299,0,500.0,6.2166061010848646,1,7295.7763671875,False,6795.7763671875
125,9263,0,0.0,0.0,1,1922.39892578125,False,1922.39892578125
204,2170,0,0.0,0.0,0,0.0,True,0.0
233,2728,0,0.0,0.0,1,1855.907958984375,False,1855.907958984375
148,16763,0,180.0,5.198497031265826,1,757.5343017578125,False,577.5343017578125
202,2078,1,64.0,4.174387269895637,1,437.45556640625,True,373.45556640625
138,3681,0,2800.0,7.937731775260109,1,6331.8779296875,False,3531.8779296875
188,1599,1,40.0,3.713572066704308,1,279.3148498535156,True,239.31484985351562
234,12468,0,210.0,5.351858133476067,1,875.5873413085938,False,665.5873413085938
121,3791,0,0.0,0.0,1,3576.64306640625,False,3576.64306640625
223,2215,0,0.0,0.0,1,695.8807983398438,False,695.8807983398438
244,16222,1,3200.0,8.071218539969863,1,2611.627685546875,True,588.372314453125
137,6487,0,200.0,5.303304908059076,1,2543.772705078125,False,2343.772705078125
135,6609,0,0.0,0.0,1,528.1755981445312,False,528.1755981445312
243,10848,0,600.0,6.398594934535208,0,0.0,True,600.0
210,7875,0,0.0,0.0,1,593.521728515625,False,593.521728515625
209,16250,0,0.0,0.0,1,343.1673889160156,False,343.1673889160156
211,7807,0,250.0,5.525452939131784,0,0.0,True,250.0
253,5814,0,0.0,0.0,0,0.0,True,0.0
124,12158,0,0.0,0.0,1,689.8226318359375,False,689.8226318359375
244,5948,0,0.0,0.0,0,0.0,True,0.0
148,16796,1,240.0,5.484796933490655,1,759.0433349609375,True,519.0433349609375
228,4822,1,143400.0,11.87340018062404,0,0.0,False,143400.0
234,2984,0,0.0,0.0,1,1333.1630859375,False,1333.1630859375
168,1648,1,640.0,6.46302945692067,1,899.6009521484375,True,259.6009521484375
139,9149,0,800.0,6.68586094706836,1,4912.310546875,False,4112.310546875
211,12974,0,20.0,3.044522437723423,0,0.0,True,20.0
228,11920,1,480.0,6.175867270105761,1,965.6090698242188,True,485.60906982421875
253,6518,1,1920.0,7.560601162768557,0,0.0,False,1920.0
231,2663,0,300.0,5.707110264748875,1,1002.2163696289062,False,702.2163696289062
229,16376,1,1140.0,7.039660349862076,1,1334.455322265625,True,194.455322265625
142,3167,0,0.0,0.0,1,5320.48876953125,False,5320.48876953125
179,1915,1,4.0,1.6094379124341005,1,47.78105163574219,True,43.78105163574219
141,12777,0,0.0,0.0,0,0.0,True,0.0
174,10679,0,0.0,0.0,1,3491.13330078125,False,3491.13330078125
248,5716,1,320.0,5.771441123130016,1,311.7247009277344,True,8.275299072265625
140,125,0,0.0,0.0,0,0.0,True,0.0
213,2257,0,0.0,0.0,0,0.0,True,0.0
205,16444,0,0.0,0.0,1,1742.8182373046875,False,1742.8182373046875
188,1905,0,0.0,0.0,1,590.3171997070312,False,590.3171997070312
236,10823,0,0.0,0.0,1,1047.09423828125,False,1047.09423828125
232,2989,0,350.0,5.860786223465865,1,2276.590576171875,False,1926.590576171875
124,9259,0,1050.0,6.957497370876951,1,2265.040283203125,False,1215.040283203125
237,2840,0,0.0,0.0,1,1318.8118896484375,False,1318.8118896484375
230,2642,0,60.0,4.110873864173311,1,955.4661254882812,False,895.4661254882812
211,7875,0,0.0,0.0,0,0.0,True,0.0
153,4703,1,12000.0,9.39274525863144,1,6444.43505859375,True,5555.56494140625
120,1181,0,550.0,6.311734809152915,0,0.0,True,550.0
253,5425,0,0.0,0.0,0,0.0,True,0.0
238,12424,1,120.0,4.795790545596741,1,813.8929443359375,True,693.8929443359375
217,11995,0,0.0,0.0,1,1467.9521484375,False,1467.9521484375
234,7537,1,240.0,5.484796933490655,1,1255.7935791015625,True,1015.7935791015625
126,3626,0,180.0,5.198497031265826,1,1586.4952392578125,False,1406.4952392578125
251,12152,0,120.0,4.795790545596741,1,960.1737060546875,False,840.1737060546875
175,1600,0,0.0,0.0,1,563.8186645507812,False,563.8186645507812
137,1380,0,400.0,5.993961427306569,0,0.0,True,400.0
129,7917,0,80.0,4.394449154672439,1,920.6796875,False,840.6796875
168,1984,1,2400.0,7.783640596221253,1,1776.9564208984375,True,623.0435791015625
249,5184,0,280.0,5.638354669333745,1,1285.4794921875,False,1005.4794921875
170,1585,1,1280.0,7.155396301896734,1,773.4100952148438,True,506.58990478515625
127,296,0,0.0,0.0,1,2204.5859375,False,2204.5859375
236,12351,1,480.0,6.175867270105761,1,1216.8123779296875,True,736.8123779296875
145,8661,0,0.0,0.0,0,0.0,True,0.0
188,1681,0,0.0,0.0,1,274.918701171875,False,274.918701171875
251,5137,0,120.0,4.795790545596741,1,969.641845703125,False,849.641845703125
252,5191,0,0.0,0.0,0,0.0,True,0.0
138,3125,0,0.0,0.0,1,8884.287109375,False,8884.287109375
126,3279,0,840.0,6.734591659972948,1,1772.5557861328125,False,932.5557861328125
174,16106,1,240.0,5.484796933490655,1,1129.0235595703125,True,889.0235595703125
215,2472,0,0.0,0.0,0,0.0,True,0.0
227,13905,0,3.0,1.3862943611198906,1,780.4453125,False,777.4453125
136,149,0,48.0,3.8918202981106265,1,550.306396484375,False,502.306396484375
134,3533,0,520.0,6.255750041753367,1,1458.552734375,False,938.552734375
220,11996,1,80.0,4.394449154672439,1,525.2135620117188,True,445.21356201171875
137,986,0,720.0,6.580639137284949,1,1959.5775146484375,False,1239.5775146484375
174,1962,0,0.0,0.0,1,399.1412048339844,False,399.1412048339844
239,13862,1,5400.0,8.594339400592892,1,6697.57861328125,True,1297.57861328125
224,2218,0,0.0,0.0,1,251.523681640625,False,251.523681640625
127,61,1,720.0,6.580639137284949,1,2087.2568359375,True,1367.2568359375
130,3478,1,160.0,5.081404364984463,1,358.994873046875,True,198.994873046875
239,2691,1,5400.0,8.594339400592892,1,8868.0986328125,True,3468.0986328125
130,9169,0,0.0,0.0,1,874.2396240234375,False,874.2396240234375
125,3126,0,0.0,0.0,1,1497.9354248046875,False,1497.9354248046875
220,12668,0,220.0,5.3981627015177525,1,529.0592041015625,False,309.0592041015625
233,12243,1,3200.0,8.071218539969863,1,3366.466552734375,True,166.466552734375
178,14080,0,0.0,0.0,0,0.0,True,0.0
142,291,0,0.0,0.0,0,0.0,True,0.0
251,5964,0,280.0,5.638354669333745,1,1373.22314453125,False,1093.22314453125
215,11952,1,1500.0,7.313886831633462,1,1025.68017578125,True,474.31982421875
125,12316,0,180.0,5.198497031265826,1,1648.5487060546875,False,1468.5487060546875
120,3231,0,4500.0,8.412054873292933,0,0.0,True,4500.0
177,1534,0,0.0,0.0,1,153.163330078125,False,153.163330078125
225,2283,0,50.0,3.9318256327243257,1,267.4317626953125,False,217.4317626953125
250,5540,0,0.0,0.0,1,850.2977905273438,False,850.2977905273438
217,12703,0,0.0,0.0,1,1096.184814453125,False,1096.184814453125
184,1971,0,15.0,2.772588722239781,1,342.3194885253906,False,327.3194885253906
134,379,0,0.0,0.0,1,790.1647338867188,False,790.1647338867188
148,8673,1,1200.0,7.090909822079984,1,2136.69287109375,True,936.69287109375
238,7333,1,120.0,4.795790545596741,1,988.52685546875,True,868.52685546875
125,280,1,480.0,6.175867270105761,1,968.2479858398438,True,488.24798583984375
250,12043,1,800.0,6.68586094706836,1,2120.154541015625,True,1320.154541015625
146,8882,1,240.0,5.484796933490655,1,790.59912109375,True,550.59912109375
165,1582,0,0.0,0.0,1,387.49609375,False,387.49609375
186,16233,0,0.0,0.0,1,256.4648742675781,False,256.4648742675781
226,7717,0,0.0,0.0,1,571.4791259765625,False,571.4791259765625
241,2955,1,3000.0,8.006700845440367,1,9660.888671875,True,6660.888671875
129,57,1,16.0,2.833213344056216,1,453.3148193359375,True,437.3148193359375
226,2416,0,0.0,0.0,1,564.3202514648438,False,564.3202514648438
185,1568,0,0.0,0.0,1,150.8636016845703,False,150.8636016845703
148,8085,0,180.0,5.198497031265826,1,766.8195190429688,False,586.8195190429688
211,2343,0,10.0,2.3978952727983707,0,0.0,True,10.0
142,12762,0,200.0,5.303304908059076,1,4503.53466796875,False,4303.53466796875
121,16381,0,600.0,6.398594934535208,1,3712.71240234375,False,3112.71240234375
142,3648,1,3500.0,8.160803920954665,1,7359.1298828125,True,3859.1298828125
137,1411,0,0.0,0.0,1,2701.576171875,False,2701.576171875
129,6489,1,64.0,4.174387269895637,1,292.1190185546875,True,228.1190185546875
250,13500,0,720.0,6.580639137284949,1,1992.8572998046875,False,1272.8572998046875
121,19,0,1320.0,7.186144304522325,1,3250.983642578125,False,1930.983642578125
240,2562,0,0.0,0.0,1,1216.9981689453125,False,1216.9981689453125
229,2857,0,180.0,5.198497031265826,1,1109.8546142578125,False,929.8546142578125
234,2842,1,240.0,5.484796933490655,1,2518.015869140625,True,2278.015869140625
236,2980,0,0.0,0.0,1,1220.077392578125,False,1220.077392578125
129,160,1,60.0,4.110873864173311,1,920.6796875,True,860.6796875
170,1551,0,0.0,0.0,1,693.8526000976562,False,693.8526000976562
235,16648,1,720.0,6.580639137284949,1,1126.770751953125,True,406.770751953125
124,9086,1,120.0,4.795790545596741,1,1060.96142578125,True,940.96142578125
211,13671,0,110.0,4.709530201312334,1,236.31167602539062,False,126.31167602539062
245,5336,0,0.0,0.0,1,251.5897216796875,False,251.5897216796875
237,12147,1,3000.0,8.006700845440367,1,2009.730712890625,True,990.269287109375
143,13620,0,5500.0,8.612685172875459,1,1834.04052734375,False,3665.95947265625
134,9261,1,480.0,6.175867270105761,1,971.1954345703125,True,491.1954345703125
131,209,0,0.0,0.0,0,0.0,True,0.0
122,3367,0,0.0,0.0,1,1293.357177734375,False,1293.357177734375
122,1265,0,5200.0,8.556606193773073,1,3976.141845703125,False,1223.858154296875
173,1588,0,30.0,3.4339872044851463,1,249.1212158203125,False,219.1212158203125
175,1581,0,0.0,0.0,1,371.0218200683594,False,371.0218200683594
231,14744,0,0.0,0.0,1,1193.7509765625,False,1193.7509765625
179,1715,0,0.0,0.0,1,44.492095947265625,False,44.492095947265625
142,12158,0,0.0,0.0,1,943.0813598632812,False,943.0813598632812
127,3533,0,120.0,4.795790545596741,1,1965.511962890625,False,1845.511962890625
218,6890,1,800.0,6.68586094706836,1,1303.1129150390625,True,503.1129150390625
136,3019,0,224.0,5.41610040220442,1,554.0313110351562,False,330.03131103515625
122,14741,0,800.0,6.68586094706836,1,3584.3935546875,False,2784.3935546875
125,3195,0,0.0,0.0,1,2962.810791015625,False,2962.810791015625
182,1871,1,16.0,2.833213344056216,1,249.2519989013672,True,233.2519989013672
148,12843,0,660.0,6.493753839851686,1,2057.74755859375,False,1397.74755859375
126,256,0,0.0,0.0,1,1780.208740234375,False,1780.208740234375
169,7962,0,120.0,4.795790545596741,1,867.4535522460938,False,747.4535522460938
202,12421,0,0.0,0.0,1,437.45556640625,False,437.45556640625
251,5435,1,640.0,6.46302945692067,1,1340.5838623046875,True,700.5838623046875
221,16043,1,30.0,3.4339872044851463,1,128.82894897460938,True,98.82894897460938
125,9273,1,900.0,6.803505257608338,1,1782.069091796875,True,882.069091796875
202,2128,0,0.0,0.0,1,460.535888671875,False,460.535888671875
172,1902,1,40.0,3.713572066704308,1,220.2895050048828,True,180.2895050048828
248,5252,0,0.0,0.0,1,784.463134765625,False,784.463134765625
179,1617,1,3.0,1.3862943611198906,1,152.38421630859375,True,149.38421630859375
236,7523,1,480.0,6.175867270105761,1,1815.384521484375,True,1335.384521484375
173,5914,0,0.0,0.0,1,253.02392578125,False,253.02392578125
179,1839,0,0.2000000000000001,0.1823215567939548,1,28.441173553466797,False,28.241173553466798
184,1985,0,9.0,2.302585092994046,1,213.42105102539062,False,204.42105102539062
246,5895,0,200.0,5.303304908059076,1,1642.759033203125,False,1442.759033203125
174,1767,0,0.0,0.0,1,395.2782287597656,False,395.2782287597656
145,8429,0,0.0,0.0,1,1955.0030517578125,False,1955.0030517578125
120,9065,1,1900.0,7.550135342488429,1,2793.744384765625,True,893.744384765625
183,1553,0,0.0,0.0,1,258.79840087890625,False,258.79840087890625
244,6988,0,0.0,0.0,0,0.0,True,0.0
221,7913,1,32.0,3.49650756146648,1,138.68702697753906,True,106.68702697753906
171,1991,0,0.0,0.0,1,369.5772399902344,False,369.5772399902344
142,3198,0,0.0,0.0,0,0.0,True,0.0
232,7419,0,140.0,4.948759890378168,1,1867.9931640625,False,1727.9931640625
135,9235,1,64.0,4.174387269895637,1,545.72119140625,True,481.72119140625
125,9023,1,720.0,6.580639137284949,1,1756.0692138671875,True,1036.0692138671875
243,6371,0,240.0,5.484796933490655,0,0.0,True,240.0
120,12317,0,0.0,0.0,1,2203.906494140625,False,2203.906494140625
167,1718,0,240.0,5.484796933490655,0,0.0,True,240.0
207,16360,0,0.0,0.0,1,629.2417602539062,False,629.2417602539062
216,2257,0,0.0,0.0,0,0.0,True,0.0
228,7499,0,0.0,0.0,0,0.0,True,0.0
130,322,0,0.0,0.0,1,602.729248046875,False,602.729248046875
141,9314,0,0.0,0.0,1,18389.517578125,False,18389.517578125
139,3061,0,1500.0,7.313886831633462,1,6979.29296875,False,5479.29296875
147,8369,1,4800.0,8.476579508530941,1,1868.20654296875,True,2931.79345703125
142,3688,0,0.0,0.0,1,5320.48876953125,False,5320.48876953125
211,6898,0,0.0,0.0,0,0.0,True,0.0
216,2425,0,0.0,0.0,0,0.0,True,0.0
239,7270,0,200.0,5.303304908059076,1,6511.65380859375,False,6311.65380859375
227,2688,0,30.0,3.4339872044851463,1,662.36572265625,False,632.36572265625
188,3952,0,30.0,3.4339872044851463,1,185.3270263671875,False,155.3270263671875
247,6988,0,210.0,5.351858133476067,1,1142.4525146484375,False,932.4525146484375
147,8127,0,0.0,0.0,1,1859.6927490234375,False,1859.6927490234375
211,16016,0,60.0,4.110873864173311,1,219.67112731933594,False,159.67112731933594
244,5787,0,480.0,6.175867270105761,0,0.0,True,480.0
232,2618,0,0.0,0.0,1,1736.014404296875,False,1736.014404296875
247,916,0,0.0,0.0,1,1356.342041015625,False,1356.342041015625
232,12902,0,0.0,0.0,1,895.4215087890625,False,895.4215087890625
238,2825,1,240.0,5.484796933490655,1,1508.2403564453125,True,1268.2403564453125
187,16703,0,0.0,0.0,1,290.66448974609375,False,290.66448974609375
239,11919,0,0.0,0.0,1,6697.57861328125,False,6697.57861328125
137,3807,0,400.0,5.993961427306569,0,0.0,True,400.0
187,12780,1,120.0,4.795790545596741,1,380.1050720214844,True,260.1050720214844
252,5346,0,0.0,0.0,0,0.0,True,0.0
234,7464,0,210.0,5.351858133476067,1,873.6560668945312,False,663.6560668945312
208,12485,0,0.0,0.0,0,0.0,True,0.0
227,7533,0,42.0,3.7612001156935615,1,362.4435729980469,False,320.4435729980469
124,3826,1,120.0,4.795790545596741,1,1202.9434814453125,True,1082.9434814453125
125,4943,0,0.0,0.0,1,1814.9141845703125,False,1814.9141845703125
127,3337,0,180.0,5.198497031265826,1,878.2747192382812,False,698.2747192382812
246,6251,1,320.0,5.771441123130016,1,744.325439453125,True,424.325439453125
244,6543,0,800.0,6.68586094706836,0,0.0,True,800.0
145,14749,0,0.0,0.0,0,0.0,True,0.0
130,286,0,0.0,0.0,1,280.1257019042969,False,280.1257019042969
246,911,0,0.0,0.0,1,2456.5244140625,False,2456.5244140625
210,16847,0,40.0,3.713572066704308,1,581.4185791015625,False,541.4185791015625
130,11767,0,176.0,5.176149732573829,1,691.885009765625,False,515.885009765625
141,3047,0,0.0,0.0,1,16678.0859375,False,16678.0859375
252,12449,0,120.0,4.795790545596741,0,0.0,True,120.0
148,2062,1,4200.0,8.343077871169383,1,4587.43310546875,True,387.43310546875
121,3500,1,3000.0,8.006700845440367,1,4283.3310546875,True,1283.3310546875
174,6554,0,90.0,4.51085950651685,1,749.41552734375,False,659.41552734375
201,14992,0,0.0,0.0,1,1303.9207763671875,False,1303.9207763671875
129,14771,0,0.0,0.0,1,543.710693359375,False,543.710693359375
133,12496,1,160.0,5.081404364984463,1,619.8995361328125,True,459.8995361328125
142,3807,1,400.0,5.993961427306569,1,7295.7763671875,True,6895.7763671875
230,2728,0,0.0,0.0,0,0.0,True,0.0
169,16703,0,80.0,4.394449154672439,1,614.3619384765625,False,534.3619384765625
175,16164,0,120.0,4.795790545596741,1,340.95733642578125,False,220.95733642578125
146,12899,0,0.0,0.0,1,1163.32421875,False,1163.32421875
211,2483,0,50.0,3.9318256327243257,0,0.0,True,50.0
126,3513,0,0.0,0.0,1,2056.370361328125,False,2056.370361328125
133,16313,1,192.0,5.262690188904886,1,773.0029296875,True,581.0029296875
129,261,0,28.0,3.367295829986474,1,599.380615234375,False,571.380615234375
131,9240,1,192.0,5.262690188904886,1,398.48004150390625,True,206.48004150390625
202,16251,0,0.0,0.0,1,482.56396484375,False,482.56396484375
222,11758,0,0.0,0.0,1,164.7509765625,False,164.7509765625
231,2823,0,0.0,0.0,1,1169.303955078125,False,1169.303955078125
251,5299,0,400.0,5.993961427306569,1,2053.364501953125,False,1653.364501953125
215,13870,0,100.0,4.61512051684126,0,0.0,True,100.0
131,6460,0,0.0,0.0,0,0.0,True,0.0
212,7856,0,75.0,4.330733340286331,0,0.0,True,75.0
171,1512,0,30.0,3.4339872044851463,0,0.0,True,30.0
243,14961,0,0.0,0.0,0,0.0,True,0.0
227,2739,0,42.0,3.7612001156935615,1,1731.93505859375,False,1689.93505859375
191,1600,0,0.0,0.0,0,0.0,True,0.0
252,5120,1,300.0,5.707110264748875,1,867.0624389648438,True,567.0624389648438
225,2456,0,0.0,0.0,1,267.4317626953125,False,267.4317626953125
244,16060,0,0.0,0.0,0,0.0,True,0.0
230,16311,0,0.0,0.0,1,1232.1849365234375,False,1232.1849365234375
129,3514,0,40.0,3.713572066704308,1,471.6131591796875,False,431.6131591796875
130,523,1,64.0,4.174387269895637,1,355.37335205078125,True,291.37335205078125
214,16036,0,0.0,0.0,0,0.0,True,0.0
174,1657,0,0.0,0.0,1,366.5654602050781,False,366.5654602050781
138,143,0,200.0,5.303304908059076,0,0.0,True,200.0
177,16164,0,1.2000000000000002,0.7884573603642703,1,144.96923828125,False,143.76923828125
133,125,1,96.0,4.574710978503383,1,570.9723510742188,True,474.97235107421875
136,3657,1,64.0,4.174387269895637,1,583.5645751953125,True,519.5645751953125
239,2758,1,6400.0,8.764209507142004,1,6083.64306640625,True,316.35693359375
236,2529,0,0.0,0.0,1,1035.3563232421875,False,1035.3563232421875
214,7163,0,0.0,0.0,0,0.0,True,0.0
123,61,1,60.0,4.110873864173311,1,525.0294799804688,True,465.02947998046875
205,11900,0,0.0,0.0,1,547.2110595703125,False,547.2110595703125
133,3474,1,320.0,5.771441123130016,1,915.3175659179688,True,595.3175659179688
225,7201,0,0.0,0.0,1,270.91064453125,False,270.91064453125
156,12840,0,66.0,4.204692619390966,1,313.61517333984375,False,247.61517333984375
235,10319,0,360.0,5.8888779583328805,1,1302.734619140625,False,942.734619140625
217,2377,0,300.0,5.707110264748875,1,1398.5264892578125,False,1098.5264892578125
148,8398,0,0.0,0.0,1,751.6296997070312,False,751.6296997070312
186,1788,0,30.0,3.4339872044851463,1,346.86395263671875,False,316.86395263671875
240,2978,0,21.0,3.091042453358316,1,344.0162658691406,False,323.0162658691406
135,1295,1,64.0,4.174387269895637,1,746.7850341796875,True,682.7850341796875
252,5036,0,280.0,5.638354669333745,1,869.293701171875,False,589.293701171875
141,3482,0,0.0,0.0,1,12727.4931640625,False,12727.4931640625
141,281,0,6000.0,8.699681400989514,0,0.0,True,6000.0
125,108,1,1140.0,7.039660349862076,1,2861.3408203125,True,1721.3408203125
134,3497,0,0.0,0.0,1,1394.5228271484375,False,1394.5228271484375
134,3944,0,40.0,3.713572066704308,1,1371.009765625,False,1331.009765625
213,16670,0,120.0,4.795790545596741,0,0.0,True,120.0
129,3737,0,0.0,0.0,1,495.85992431640625,False,495.85992431640625
238,2848,0,0.0,0.0,1,1526.290283203125,False,1526.290283203125
