ID_LOCALIZACION_COMPRA,accuracy,count,real_restock_rate,pred_restock_rate,avg_quantity_error,total_real_quantity,total_pred_quantity
2,1.0,1,1.0,1.0,11.071,60.0,71.071
17,0.0,1,1.0,0.0,960.0,960.0,0.0
21,1.0,1,0.0,0.0,0.0,0.0,0.0
22,1.0,1,0.0,0.0,0.0,0.0,0.0
23,1.0,1,0.0,0.0,0.0,0.0,0.0
29,1.0,1,0.0,0.0,0.0,0.0,0.0
39,0.0,1,0.0,1.0,171.026,0.0,171.026
44,1.0,1,0.0,0.0,0.0,0.0,0.0
45,1.0,1,0.0,0.0,0.0,0.0,0.0
47,1.0,1,1.0,1.0,28.935,480.0,508.935
52,1.0,1,0.0,0.0,0.0,0.0,0.0
53,1.0,1,0.0,0.0,0.0,0.0,0.0
56,1.0,1,0.0,0.0,0.0,0.0,0.0
57,1.0,1,1.0,1.0,393.216,120.0,513.216
61,1.0,2,1.0,1.0,117.737,736.0,971.474
64,0.0,1,0.0,1.0,918.062,0.0,918.062
65,1.0,1,1.0,1.0,550.86,960.0,1510.86
76,1.0,1,0.0,0.0,0.0,0.0,0.0
78,1.0,1,0.0,0.0,0.0,0.0,0.0
80,0.0,1,0.0,1.0,126.023,0.0,126.023
93,1.0,3,0.0,0.0,0.0,0.0,0.0
97,0.0,1,0.0,1.0,109.345,0.0,109.345
102,1.0,1,0.0,0.0,0.0,0.0,0.0
109,0.0,1,1.0,0.0,7200.0,7200.0,0.0
115,1.0,1,0.0,0.0,0.0,0.0,0.0
118,0.0,1,0.0,1.0,93.259,0.0,93.259
120,1.0,1,0.0,0.0,0.0,0.0,0.0
126,1.0,1,1.0,1.0,2.627,128.0,125.373
129,1.0,1,0.0,0.0,0.0,0.0,0.0
139,1.0,1,0.0,0.0,0.0,0.0,0.0
145,1.0,1,1.0,1.0,100.065,32.0,132.065
147,1.0,1,1.0,1.0,54.001,64.0,118.001
151,1.0,1,0.0,0.0,0.0,0.0,0.0
157,1.0,1,0.0,0.0,0.0,0.0,0.0
160,1.0,1,0.0,0.0,0.0,0.0,0.0
168,1.0,1,0.0,0.0,0.0,0.0,0.0
180,0.0,1,0.0,1.0,129.804,0.0,129.804
181,0.0,1,0.0,1.0,139.274,0.0,139.274
187,1.0,1,0.0,0.0,0.0,0.0,0.0
192,1.0,1,0.0,0.0,0.0,0.0,0.0
197,0.0,1,0.0,1.0,225.983,0.0,225.983
199,0.5,2,0.0,0.5,63.269,0.0,126.539
201,1.0,1,0.0,0.0,0.0,0.0,0.0
203,1.0,1,0.0,0.0,0.0,0.0,0.0
207,0.0,1,1.0,0.0,3200.0,3200.0,0.0
221,1.0,1,0.0,0.0,0.0,0.0,0.0
229,1.0,1,0.0,0.0,0.0,0.0,0.0
233,0.0,1,0.0,1.0,88.585,0.0,88.585
250,1.0,2,0.0,0.0,0.0,0.0,0.0
251,1.0,1,0.0,0.0,0.0,0.0,0.0
256,0.0,1,0.0,1.0,631.565,0.0,631.565
258,1.0,1,0.0,0.0,0.0,0.0,0.0
260,1.0,1,1.0,1.0,23.603,60.0,83.603
265,1.0,2,0.0,0.0,0.0,0.0,0.0
267,1.0,1,0.0,0.0,0.0,0.0,0.0
281,1.0,1,1.0,1.0,32.611,160.0,127.389
288,0.5,2,0.5,0.0,200.0,400.0,0.0
293,1.0,3,0.667,0.667,575.758,2620.0,1147.194
295,1.0,1,0.0,0.0,0.0,0.0,0.0
306,0.0,1,0.0,1.0,136.402,0.0,136.402
322,1.0,1,1.0,1.0,372.688,1200.0,1572.688
332,1.0,1,1.0,1.0,16.065,240.0,223.935
341,1.0,1,0.0,0.0,0.0,0.0,0.0
370,1.0,1,0.0,0.0,0.0,0.0,0.0
379,1.0,2,0.0,0.0,0.0,0.0,0.0
387,1.0,2,0.0,0.0,0.0,0.0,0.0
391,0.0,1,1.0,0.0,152.0,152.0,0.0
528,1.0,2,0.0,0.0,0.0,0.0,0.0
695,1.0,1,0.0,0.0,0.0,0.0,0.0
696,1.0,1,0.0,0.0,0.0,0.0,0.0
697,1.0,1,0.0,0.0,0.0,0.0,0.0
698,1.0,1,0.0,0.0,0.0,0.0,0.0
699,1.0,1,0.0,0.0,0.0,0.0,0.0
746,1.0,1,0.0,0.0,0.0,0.0,0.0
790,0.0,1,0.0,1.0,504.747,0.0,504.747
834,1.0,1,0.0,0.0,0.0,0.0,0.0
853,1.0,2,0.0,0.0,0.0,0.0,0.0
904,1.0,1,0.0,0.0,0.0,0.0,0.0
916,0.0,1,0.0,1.0,521.199,0.0,521.199
920,1.0,2,0.0,0.0,0.0,0.0,0.0
946,0.0,1,1.0,0.0,2000.0,2000.0,0.0
969,0.0,1,1.0,0.0,480.0,480.0,0.0
986,1.0,1,1.0,1.0,46.982,120.0,166.982
1181,1.0,1,0.0,0.0,0.0,0.0,0.0
1233,1.0,1,0.0,0.0,0.0,0.0,0.0
1236,1.0,1,1.0,1.0,979.016,2000.0,2979.016
1247,1.0,2,0.5,0.5,53.25,256.0,149.5
1268,1.0,1,0.0,0.0,0.0,0.0,0.0
1276,1.0,1,1.0,1.0,250.72,4000.0,3749.28
1289,1.0,1,0.0,0.0,0.0,0.0,0.0
1295,1.0,1,1.0,1.0,55.7,64.0,119.7
1314,0.0,1,1.0,0.0,2560.0,2560.0,0.0
1347,1.0,2,1.0,1.0,464.121,4280.0,3351.759
1359,1.0,1,0.0,0.0,0.0,0.0,0.0
1372,0.5,2,0.0,0.5,63.694,0.0,127.389
1407,0.0,1,1.0,0.0,2400.0,2400.0,0.0
1413,1.0,1,0.0,0.0,0.0,0.0,0.0
1415,0.5,2,0.0,0.5,88.896,0.0,177.793
1418,1.0,2,0.5,0.5,190.34,480.0,860.681
1420,1.0,1,0.0,0.0,0.0,0.0,0.0
1426,0.0,1,1.0,0.0,1500.0,1500.0,0.0
1429,1.0,1,0.0,0.0,0.0,0.0,0.0
1430,1.0,1,0.0,0.0,0.0,0.0,0.0
1498,1.0,3,0.0,0.0,0.0,0.0,0.0
1507,1.0,2,0.0,0.0,0.0,0.0,0.0
1510,0.667,3,0.667,1.0,147.984,252.0,695.951
1512,1.0,3,0.0,0.0,0.0,0.0,0.0
1521,1.0,1,0.0,0.0,0.0,0.0,0.0
1525,0.0,1,0.0,1.0,274.618,0.0,274.618
1528,0.0,1,0.0,1.0,16.786,0.0,16.786
1534,1.0,1,0.0,0.0,0.0,0.0,0.0
1538,0.0,1,0.0,1.0,178.0,0.0,178.0
1546,0.5,2,0.0,0.5,438.339,0.0,876.677
1551,1.0,1,0.0,0.0,0.0,0.0,0.0
1553,0.0,1,0.0,1.0,147.233,0.0,147.233
1561,1.0,1,0.0,0.0,0.0,0.0,0.0
1562,1.0,1,1.0,1.0,34.364,8.0,42.364
1565,0.0,1,0.0,1.0,262.446,0.0,262.446
1566,1.0,3,0.0,0.0,0.0,0.0,0.0
1570,1.0,1,1.0,1.0,3.089,40.0,36.911
1574,1.0,1,0.0,0.0,0.0,0.0,0.0
1581,1.0,1,0.0,0.0,0.0,0.0,0.0
1584,0.5,2,0.5,0.0,6.0,12.0,0.0
1587,1.0,2,1.0,1.0,181.972,488.0,144.249
1593,0.0,1,0.0,1.0,48.314,0.0,48.314
1594,1.0,1,0.0,0.0,0.0,0.0,0.0
1597,1.0,1,0.0,0.0,0.0,0.0,0.0
1598,1.0,1,1.0,1.0,3.963,8.0,11.963
1600,1.0,1,0.0,0.0,0.0,0.0,0.0
1610,1.0,1,1.0,1.0,16.839,20.0,36.839
1617,1.0,1,0.0,0.0,0.0,0.0,0.0
1618,0.5,2,0.5,1.0,23.616,80.0,56.665
1626,1.0,1,0.0,0.0,0.0,0.0,0.0
1644,0.0,3,0.0,1.0,107.353,0.0,322.06
1645,1.0,1,1.0,1.0,214.784,480.0,265.216
1647,1.0,1,1.0,1.0,65.292,320.0,254.708
1648,1.0,3,0.333,0.333,133.033,640.0,240.901
1674,1.0,1,0.0,0.0,0.0,0.0,0.0
1679,1.0,1,0.0,0.0,0.0,0.0,0.0
1681,1.0,1,0.0,0.0,0.0,0.0,0.0
1702,1.0,1,0.0,0.0,0.0,0.0,0.0
1703,1.0,1,0.0,0.0,0.0,0.0,0.0
1704,1.0,1,0.0,0.0,0.0,0.0,0.0
1715,1.0,2,0.0,0.0,0.0,0.0,0.0
1718,1.0,3,0.0,0.0,0.0,0.0,0.0
1721,1.0,1,0.0,0.0,0.0,0.0,0.0
1727,1.0,1,0.0,0.0,0.0,0.0,0.0
1728,1.0,1,1.0,1.0,7.948,4.0,11.948
1736,0.5,2,0.5,1.0,304.627,800.0,328.39
1746,1.0,1,1.0,1.0,30.173,240.0,270.173
1750,1.0,1,1.0,1.0,34.353,160.0,194.353
1753,1.0,1,0.0,0.0,0.0,0.0,0.0
1766,1.0,2,0.0,0.0,0.0,0.0,0.0
1783,0.5,2,0.5,1.0,10.633,160.0,181.265
1788,1.0,2,0.0,0.0,0.0,0.0,0.0
1793,0.0,1,0.0,1.0,268.489,0.0,268.489
1813,0.0,1,0.0,1.0,65.916,0.0,65.916
1824,0.667,3,0.667,1.0,50.391,24.0,169.228
1826,1.0,1,0.0,0.0,0.0,0.0,0.0
1833,0.0,1,0.0,1.0,146.598,0.0,146.598
1839,0.5,2,0.5,0.0,20.0,40.0,0.0
1855,0.5,2,0.0,0.5,29.648,0.0,59.296
1856,1.0,1,1.0,1.0,45.796,160.0,205.796
1859,0.0,1,0.0,1.0,17.266,0.0,17.266
1871,1.0,1,0.0,0.0,0.0,0.0,0.0
1883,1.0,1,0.0,0.0,0.0,0.0,0.0
1892,0.0,1,0.0,1.0,133.963,0.0,133.963
1899,1.0,1,0.0,0.0,0.0,0.0,0.0
1911,1.0,1,0.0,0.0,0.0,0.0,0.0
1912,1.0,2,0.0,0.0,0.0,0.0,0.0
1915,0.5,2,0.5,1.0,16.985,4.0,37.969
1956,1.0,1,0.0,0.0,0.0,0.0,0.0
1958,1.0,1,0.0,0.0,0.0,0.0,0.0
1966,1.0,1,0.0,0.0,0.0,0.0,0.0
1968,1.0,2,0.0,0.0,0.0,0.0,0.0
1972,1.0,1,0.0,0.0,0.0,0.0,0.0
1981,1.0,1,0.0,0.0,0.0,0.0,0.0
1991,1.0,2,0.0,0.0,0.0,0.0,0.0
1998,1.0,1,1.0,1.0,9.738,120.0,110.262
2013,1.0,1,0.0,0.0,0.0,0.0,0.0
2023,1.0,1,0.0,0.0,0.0,0.0,0.0
2053,1.0,1,0.0,0.0,0.0,0.0,0.0
2084,1.0,1,0.0,0.0,0.0,0.0,0.0
2097,0.0,1,1.0,0.0,256.0,256.0,0.0
2107,1.0,1,0.0,0.0,0.0,0.0,0.0
2119,1.0,1,0.0,0.0,0.0,0.0,0.0
2128,1.0,1,0.0,0.0,0.0,0.0,0.0
2150,1.0,1,0.0,0.0,0.0,0.0,0.0
2152,1.0,1,0.0,0.0,0.0,0.0,0.0
2158,1.0,1,0.0,0.0,0.0,0.0,0.0
2162,1.0,1,0.0,0.0,0.0,0.0,0.0
2201,1.0,1,0.0,0.0,0.0,0.0,0.0
2207,1.0,1,1.0,1.0,3.443,16.0,19.443
2211,1.0,1,1.0,1.0,2.603,160.0,162.603
2213,1.0,1,0.0,0.0,0.0,0.0,0.0
2217,1.0,1,0.0,0.0,0.0,0.0,0.0
2218,1.0,1,0.0,0.0,0.0,0.0,0.0
2225,1.0,1,0.0,0.0,0.0,0.0,0.0
2237,1.0,1,1.0,1.0,115.259,200.0,84.741
2241,0.0,1,0.0,1.0,19.443,0.0,19.443
2257,1.0,1,0.0,0.0,0.0,0.0,0.0
2260,0.667,3,0.0,0.333,9.812,0.0,29.435
2265,1.0,1,1.0,1.0,15.838,16.0,31.838
2282,1.0,1,0.0,0.0,0.0,0.0,0.0
2283,1.0,1,0.0,0.0,0.0,0.0,0.0
2292,1.0,1,0.0,0.0,0.0,0.0,0.0
2308,1.0,1,0.0,0.0,0.0,0.0,0.0
2322,0.5,2,0.0,0.5,73.831,0.0,147.662
2326,1.0,1,0.0,0.0,0.0,0.0,0.0
2327,0.0,1,0.0,1.0,87.05,0.0,87.05
2332,1.0,1,0.0,0.0,0.0,0.0,0.0
2343,1.0,1,0.0,0.0,0.0,0.0,0.0
2350,1.0,1,0.0,0.0,0.0,0.0,0.0
2377,1.0,1,1.0,1.0,41.008,16.0,57.008
2394,1.0,1,0.0,0.0,0.0,0.0,0.0
2400,1.0,1,0.0,0.0,0.0,0.0,0.0
2407,1.0,1,0.0,0.0,0.0,0.0,0.0
2411,0.0,2,1.0,0.0,1210.0,2420.0,0.0
2418,1.0,1,0.0,0.0,0.0,0.0,0.0
2425,1.0,2,0.0,0.0,0.0,0.0,0.0
2439,1.0,1,0.0,0.0,0.0,0.0,0.0
2440,1.0,2,0.0,0.0,0.0,0.0,0.0
2450,1.0,1,0.0,0.0,0.0,0.0,0.0
2456,1.0,1,0.0,0.0,0.0,0.0,0.0
2472,1.0,4,0.25,0.25,9.53,24.0,62.12
2473,1.0,1,0.0,0.0,0.0,0.0,0.0
2483,0.667,3,0.0,0.333,136.547,0.0,409.642
2484,1.0,1,0.0,0.0,0.0,0.0,0.0
2486,1.0,1,0.0,0.0,0.0,0.0,0.0
2497,1.0,1,0.0,0.0,0.0,0.0,0.0
2517,1.0,1,0.0,0.0,0.0,0.0,0.0
2529,0.0,2,0.0,1.0,358.33,0.0,716.66
2552,0.5,2,0.0,0.5,1722.033,0.0,3444.065
2562,1.0,2,0.0,0.0,0.0,0.0,0.0
2583,1.0,2,0.5,0.5,491.058,2400.0,3382.117
2595,0.0,1,0.0,1.0,156.875,0.0,156.875
2599,1.0,1,0.0,0.0,0.0,0.0,0.0
2608,1.0,1,1.0,1.0,35.029,480.0,444.971
2618,1.0,1,0.0,0.0,0.0,0.0,0.0
2619,1.0,1,1.0,1.0,1386.114,3800.0,5186.114
2624,1.0,1,0.0,0.0,0.0,0.0,0.0
2628,1.0,1,0.0,0.0,0.0,0.0,0.0
2634,0.0,1,0.0,1.0,3119.733,0.0,3119.733
2639,0.0,1,1.0,0.0,1050.0,1050.0,0.0
2646,1.0,1,1.0,1.0,190.046,300.0,109.954
2651,0.0,1,0.0,1.0,436.29,0.0,436.29
2663,0.5,2,0.0,0.5,64.442,0.0,128.885
2664,1.0,1,0.0,0.0,0.0,0.0,0.0
2670,1.0,1,0.0,0.0,0.0,0.0,0.0
2673,1.0,1,0.0,0.0,0.0,0.0,0.0
2688,1.0,2,0.5,0.5,16.101,480.0,512.201
2693,0.0,1,0.0,1.0,996.773,0.0,996.773
2699,0.0,1,1.0,0.0,240.0,240.0,0.0
2711,1.0,1,0.0,0.0,0.0,0.0,0.0
2715,0.0,1,0.0,1.0,3940.696,0.0,3940.696
2728,1.0,1,0.0,0.0,0.0,0.0,0.0
2734,1.0,1,0.0,0.0,0.0,0.0,0.0
2744,1.0,1,0.0,0.0,0.0,0.0,0.0
2757,1.0,1,0.0,0.0,0.0,0.0,0.0
2758,1.0,1,1.0,1.0,54.871,36.0,90.871
2759,0.0,1,0.0,1.0,1001.387,0.0,1001.387
2760,1.0,1,0.0,0.0,0.0,0.0,0.0
2770,1.0,2,0.5,0.5,19.989,120.0,159.977
2785,1.0,1,1.0,1.0,66.253,240.0,306.253
2794,1.0,1,0.0,0.0,0.0,0.0,0.0
2796,0.0,1,1.0,0.0,720.0,720.0,0.0
2806,0.0,1,0.0,1.0,294.101,0.0,294.101
2823,1.0,1,0.0,0.0,0.0,0.0,0.0
2828,0.0,1,0.0,1.0,259.153,0.0,259.153
2832,1.0,1,0.0,0.0,0.0,0.0,0.0
2840,0.0,2,0.0,1.0,433.479,0.0,866.958
2842,1.0,2,0.5,0.5,232.632,240.0,705.263
2852,1.0,1,0.0,0.0,0.0,0.0,0.0
2863,1.0,1,1.0,1.0,1386.114,3800.0,5186.114
2875,1.0,1,0.0,0.0,0.0,0.0,0.0
2885,1.0,1,0.0,0.0,0.0,0.0,0.0
2892,0.0,1,0.0,1.0,5788.469,0.0,5788.469
2906,1.0,1,0.0,0.0,0.0,0.0,0.0
2907,0.0,1,0.0,1.0,154.851,0.0,154.851
2908,1.0,1,0.0,0.0,0.0,0.0,0.0
2909,0.0,1,0.0,1.0,302.488,0.0,302.488
2928,1.0,1,0.0,0.0,0.0,0.0,0.0
2932,1.0,1,0.0,0.0,0.0,0.0,0.0
2933,1.0,2,0.0,0.0,0.0,0.0,0.0
2935,1.0,2,0.0,0.0,0.0,0.0,0.0
2939,0.0,1,0.0,1.0,683.432,0.0,683.432
2940,1.0,2,1.0,1.0,93.484,60.0,246.967
2945,0.0,1,0.0,1.0,5788.469,0.0,5788.469
2963,1.0,1,0.0,0.0,0.0,0.0,0.0
2965,0.5,2,1.0,0.5,710.29,1570.0,330.581
2977,0.0,1,0.0,1.0,403.36,0.0,403.36
2979,1.0,1,0.0,0.0,0.0,0.0,0.0
2980,0.0,1,0.0,1.0,460.576,0.0,460.576
2984,1.0,1,0.0,0.0,0.0,0.0,0.0
2987,0.0,1,0.0,1.0,59.296,0.0,59.296
2989,1.0,1,0.0,0.0,0.0,0.0,0.0
2994,0.5,2,0.0,0.5,2466.796,0.0,4933.591
3024,1.0,1,0.0,0.0,0.0,0.0,0.0
3028,1.0,1,0.0,0.0,0.0,0.0,0.0
3029,0.0,1,0.0,1.0,261.643,0.0,261.643
3032,0.0,1,1.0,0.0,10000.0,10000.0,0.0
3047,1.0,2,0.5,0.5,9.79,64.0,83.579
3057,1.0,1,0.0,0.0,0.0,0.0,0.0
3071,0.0,1,0.0,1.0,2979.016,0.0,2979.016
3072,1.0,1,0.0,0.0,0.0,0.0,0.0
3085,0.0,1,1.0,0.0,440.0,440.0,0.0
3090,1.0,2,0.0,0.0,0.0,0.0,0.0
3109,1.0,1,0.0,0.0,0.0,0.0,0.0
3113,1.0,1,0.0,0.0,0.0,0.0,0.0
3115,1.0,1,1.0,1.0,2860.353,9000.0,6139.647
3124,1.0,1,0.0,0.0,0.0,0.0,0.0
3125,1.0,1,0.0,0.0,0.0,0.0,0.0
3126,1.0,1,0.0,0.0,0.0,0.0,0.0
3131,1.0,1,1.0,1.0,282.262,800.0,1082.262
3137,1.0,2,0.0,0.0,0.0,0.0,0.0
3147,1.0,2,0.0,0.0,0.0,0.0,0.0
3166,1.0,2,0.0,0.0,0.0,0.0,0.0
3173,1.0,2,0.5,0.5,104.081,480.0,688.162
3183,0.0,1,0.0,1.0,249.921,0.0,249.921
3184,0.0,1,0.0,1.0,418.849,0.0,418.849
3188,1.0,2,0.0,0.0,0.0,0.0,0.0
3189,0.0,1,0.0,1.0,93.177,0.0,93.177
3190,0.0,1,0.0,1.0,810.362,0.0,810.362
3195,0.0,2,0.0,1.0,1294.702,0.0,2589.403
3211,1.0,1,1.0,1.0,21.209,120.0,98.791
3214,1.0,1,0.0,0.0,0.0,0.0,0.0
3219,0.5,2,0.5,1.0,557.904,960.0,1434.139
3226,1.0,3,1.0,1.0,892.764,6720.0,4171.169
3229,1.0,1,0.0,0.0,0.0,0.0,0.0
3231,1.0,1,0.0,0.0,0.0,0.0,0.0
3250,1.0,1,1.0,1.0,387.271,480.0,867.271
3256,1.0,1,1.0,1.0,20.869,128.0,148.869
3257,1.0,1,0.0,0.0,0.0,0.0,0.0
3258,0.0,1,0.0,1.0,1168.89,0.0,1168.89
3261,0.0,1,0.0,1.0,1421.151,0.0,1421.151
3279,1.0,2,0.0,0.0,0.0,0.0,0.0
3285,1.0,1,1.0,1.0,103.611,140.0,243.611
3291,1.0,1,0.0,0.0,0.0,0.0,0.0
3297,0.5,2,0.0,0.5,3075.472,0.0,6150.945
3307,1.0,1,0.0,0.0,0.0,0.0,0.0
3308,1.0,1,1.0,1.0,89.498,64.0,153.498
3316,0.5,2,0.5,0.0,8.0,16.0,0.0
3327,1.0,1,0.0,0.0,0.0,0.0,0.0
3331,1.0,1,1.0,1.0,66.615,2700.0,2766.615
3340,1.0,1,1.0,1.0,200.61,320.0,119.39
3356,1.0,3,0.333,0.333,32.509,64.0,161.527
3357,0.5,2,0.5,1.0,96.244,240.0,308.073
3375,1.0,1,0.0,0.0,0.0,0.0,0.0
3391,1.0,1,0.0,0.0,0.0,0.0,0.0
3400,1.0,1,0.0,0.0,0.0,0.0,0.0
3401,1.0,2,0.0,0.0,0.0,0.0,0.0
3402,0.0,2,1.0,0.0,1920.0,3840.0,0.0
3404,1.0,1,1.0,1.0,389.599,900.0,510.401
3406,1.0,1,1.0,1.0,89.498,64.0,153.498
3413,0.0,1,0.0,1.0,688.162,0.0,688.162
3428,1.0,2,0.0,0.0,0.0,0.0,0.0
3431,1.0,1,1.0,1.0,433.385,3200.0,2766.615
3436,0.5,2,0.5,1.0,156.62,120.0,433.24
3452,1.0,1,1.0,1.0,24.434,16.0,40.434
3456,1.0,1,0.0,0.0,0.0,0.0,0.0
3459,0.0,1,0.0,1.0,2611.627,0.0,2611.627
3464,0.5,2,0.0,0.5,80.444,0.0,160.889
3471,0.5,2,0.0,0.5,322.419,0.0,644.838
3474,1.0,1,0.0,0.0,0.0,0.0,0.0
3478,1.0,1,1.0,1.0,14.005,160.0,145.995
3481,1.0,1,1.0,1.0,265.383,2000.0,2265.383
3483,0.5,2,0.0,0.5,1098.341,0.0,2196.681
3495,1.0,1,0.0,0.0,0.0,0.0,0.0
3496,1.0,1,0.0,0.0,0.0,0.0,0.0
3497,0.0,1,0.0,1.0,2281.545,0.0,2281.545
3504,1.0,1,1.0,1.0,355.358,1600.0,1244.642
3505,1.0,2,0.0,0.0,0.0,0.0,0.0
3513,0.0,1,0.0,1.0,816.019,0.0,816.019
3514,1.0,1,0.0,0.0,0.0,0.0,0.0
3518,0.0,1,1.0,0.0,160.0,160.0,0.0
3533,1.0,3,0.0,0.0,0.0,0.0,0.0
3534,0.0,1,0.0,1.0,972.637,0.0,972.637
3563,1.0,1,0.0,0.0,0.0,0.0,0.0
3565,1.0,1,1.0,1.0,1207.738,480.0,1687.738
3573,1.0,1,0.0,0.0,0.0,0.0,0.0
3590,1.0,1,0.0,0.0,0.0,0.0,0.0
3600,0.333,3,0.0,0.667,393.731,0.0,1181.193
3606,0.5,2,0.0,0.5,1247.595,0.0,2495.189
3609,0.0,1,0.0,1.0,286.251,0.0,286.251
3626,1.0,1,0.0,0.0,0.0,0.0,0.0
3639,1.0,2,1.0,1.0,83.559,544.0,711.118
3644,0.5,2,1.0,0.5,2471.023,5400.0,2342.047
3657,1.0,3,0.667,0.667,27.604,128.0,210.812
3669,1.0,1,1.0,1.0,1608.392,4000.0,2391.608
3680,1.0,1,1.0,1.0,54.097,160.0,214.097
3681,1.0,2,0.0,0.0,0.0,0.0,0.0
3687,1.0,1,0.0,0.0,0.0,0.0,0.0
3690,1.0,1,0.0,0.0,0.0,0.0,0.0
3695,1.0,1,0.0,0.0,0.0,0.0,0.0
3708,1.0,1,0.0,0.0,0.0,0.0,0.0
3712,1.0,1,1.0,1.0,701.718,3500.0,2798.282
3729,1.0,1,0.0,0.0,0.0,0.0,0.0
3737,0.0,1,1.0,0.0,48000.0,48000.0,0.0
3738,0.0,1,0.0,1.0,2196.299,0.0,2196.299
3742,0.0,1,0.0,1.0,86.887,0.0,86.887
3748,1.0,1,1.0,1.0,205.626,450.0,244.374
3775,0.0,1,0.0,1.0,462.386,0.0,462.386
3784,1.0,1,0.0,0.0,0.0,0.0,0.0
3791,1.0,1,1.0,1.0,450.282,1600.0,2050.282
3801,1.0,1,1.0,1.0,93.638,120.0,213.638
3807,1.0,1,1.0,1.0,2094.616,400.0,2494.616
3819,0.0,1,0.0,1.0,1421.151,0.0,1421.151
3820,1.0,1,1.0,1.0,47.866,32.0,79.866
3826,1.0,1,1.0,1.0,115.552,64.0,179.552
3827,1.0,1,0.0,0.0,0.0,0.0,0.0
3837,0.0,1,0.0,1.0,867.271,0.0,867.271
3841,1.0,1,1.0,1.0,2795.912,4800.0,2004.088
3845,1.0,1,0.0,0.0,0.0,0.0,0.0
3875,1.0,1,0.0,0.0,0.0,0.0,0.0
3881,1.0,1,1.0,1.0,26.823,120.0,93.177
3891,1.0,1,0.0,0.0,0.0,0.0,0.0
3902,1.0,1,0.0,0.0,0.0,0.0,0.0
3911,1.0,1,1.0,1.0,18.849,400.0,418.849
3925,0.5,2,0.0,0.5,969.021,0.0,1938.043
3952,1.0,1,0.0,0.0,0.0,0.0,0.0
3968,1.0,1,1.0,1.0,32.777,480.0,512.777
3981,0.0,1,0.0,1.0,140.748,0.0,140.748
4007,1.0,1,0.0,0.0,0.0,0.0,0.0
4070,0.5,2,0.0,0.5,58.763,0.0,117.527
4619,1.0,1,0.0,0.0,0.0,0.0,0.0
4822,0.5,2,0.5,1.0,71034.387,143400.0,2741.753
4823,1.0,1,0.0,0.0,0.0,0.0,0.0
4839,1.0,1,0.0,0.0,0.0,0.0,0.0
4847,1.0,1,0.0,0.0,0.0,0.0,0.0
4925,1.0,2,0.5,0.5,7.661,240.0,255.322
4928,1.0,1,0.0,0.0,0.0,0.0,0.0
4943,1.0,1,1.0,1.0,2427.312,4000.0,1572.688
4960,1.0,1,0.0,0.0,0.0,0.0,0.0
5021,0.0,1,1.0,0.0,160.0,160.0,0.0
5034,1.0,1,0.0,0.0,0.0,0.0,0.0
5038,1.0,1,0.0,0.0,0.0,0.0,0.0
5045,1.0,1,0.0,0.0,0.0,0.0,0.0
5074,0.0,1,1.0,0.0,320.0,320.0,0.0
5084,1.0,1,0.0,0.0,0.0,0.0,0.0
5117,1.0,1,0.0,0.0,0.0,0.0,0.0
5147,1.0,1,0.0,0.0,0.0,0.0,0.0
5148,1.0,1,0.0,0.0,0.0,0.0,0.0
5169,1.0,1,1.0,1.0,955.078,1200.0,244.922
5180,1.0,1,0.0,0.0,0.0,0.0,0.0
5197,1.0,1,0.0,0.0,0.0,0.0,0.0
5214,1.0,1,0.0,0.0,0.0,0.0,0.0
5215,1.0,1,0.0,0.0,0.0,0.0,0.0
5227,1.0,1,1.0,1.0,83.301,160.0,76.699
5228,1.0,1,0.0,0.0,0.0,0.0,0.0
5229,1.0,1,0.0,0.0,0.0,0.0,0.0
5243,1.0,2,0.0,0.0,0.0,0.0,0.0
5249,1.0,1,0.0,0.0,0.0,0.0,0.0
5262,1.0,1,0.0,0.0,0.0,0.0,0.0
5263,1.0,1,0.0,0.0,0.0,0.0,0.0
5268,1.0,1,0.0,0.0,0.0,0.0,0.0
5326,1.0,1,0.0,0.0,0.0,0.0,0.0
5334,1.0,1,0.0,0.0,0.0,0.0,0.0
5346,1.0,1,0.0,0.0,0.0,0.0,0.0
5362,1.0,1,0.0,0.0,0.0,0.0,0.0
5381,1.0,1,0.0,0.0,0.0,0.0,0.0
5382,1.0,1,0.0,0.0,0.0,0.0,0.0
5387,1.0,1,0.0,0.0,0.0,0.0,0.0
5405,1.0,1,0.0,0.0,0.0,0.0,0.0
5439,1.0,1,0.0,0.0,0.0,0.0,0.0
5468,0.0,1,0.0,1.0,461.353,0.0,461.353
5472,0.0,1,0.0,1.0,40.912,0.0,40.912
5479,1.0,1,1.0,1.0,488.58,600.0,1088.58
5482,0.0,1,0.0,1.0,2807.344,0.0,2807.344
5540,1.0,1,0.0,0.0,0.0,0.0,0.0
5548,1.0,1,0.0,0.0,0.0,0.0,0.0
5557,1.0,1,0.0,0.0,0.0,0.0,0.0
5559,1.0,1,1.0,1.0,190.778,280.0,89.222
5574,1.0,1,0.0,0.0,0.0,0.0,0.0
5578,1.0,1,1.0,1.0,186.634,240.0,426.634
5683,1.0,1,0.0,0.0,0.0,0.0,0.0
5716,1.0,1,0.0,0.0,0.0,0.0,0.0
5725,1.0,1,0.0,0.0,0.0,0.0,0.0
5729,1.0,1,0.0,0.0,0.0,0.0,0.0
5754,1.0,1,0.0,0.0,0.0,0.0,0.0
5757,1.0,1,0.0,0.0,0.0,0.0,0.0
5758,1.0,1,0.0,0.0,0.0,0.0,0.0
5787,1.0,1,0.0,0.0,0.0,0.0,0.0
5792,1.0,2,0.5,0.5,18.743,200.0,162.515
5796,1.0,1,0.0,0.0,0.0,0.0,0.0
5833,0.0,1,0.0,1.0,827.778,0.0,827.778
5854,1.0,1,0.0,0.0,0.0,0.0,0.0
5865,1.0,1,0.0,0.0,0.0,0.0,0.0
5887,1.0,1,0.0,0.0,0.0,0.0,0.0
5888,1.0,1,0.0,0.0,0.0,0.0,0.0
5895,1.0,1,0.0,0.0,0.0,0.0,0.0
5914,1.0,1,0.0,0.0,0.0,0.0,0.0
5945,1.0,1,0.0,0.0,0.0,0.0,0.0
5948,1.0,1,0.0,0.0,0.0,0.0,0.0
5964,1.0,1,0.0,0.0,0.0,0.0,0.0
5984,1.0,1,0.0,0.0,0.0,0.0,0.0
6117,0.0,1,1.0,0.0,240.0,240.0,0.0
6223,1.0,1,0.0,0.0,0.0,0.0,0.0
6231,1.0,1,0.0,0.0,0.0,0.0,0.0
6266,1.0,1,0.0,0.0,0.0,0.0,0.0
6286,0.0,1,0.0,1.0,148.449,0.0,148.449
6326,1.0,2,1.0,1.0,27.95,272.0,321.675
6338,1.0,2,0.0,0.0,0.0,0.0,0.0
6354,1.0,1,0.0,0.0,0.0,0.0,0.0
6364,1.0,1,0.0,0.0,0.0,0.0,0.0
6370,1.0,1,0.0,0.0,0.0,0.0,0.0
6423,0.0,1,0.0,1.0,115.814,0.0,115.814
6458,0.5,2,0.0,0.5,144.629,0.0,289.259
6467,1.0,1,1.0,1.0,66.749,160.0,226.749
6487,1.0,1,0.0,0.0,0.0,0.0,0.0
6490,0.0,1,0.0,1.0,191.462,0.0,191.462
6515,0.0,1,0.0,1.0,89.222,0.0,89.222
6518,0.0,1,1.0,0.0,1920.0,1920.0,0.0
6531,1.0,1,0.0,0.0,0.0,0.0,0.0
6540,1.0,1,0.0,0.0,0.0,0.0,0.0
6543,1.0,1,0.0,0.0,0.0,0.0,0.0
6554,0.0,1,0.0,1.0,352.634,0.0,352.634
6561,1.0,1,0.0,0.0,0.0,0.0,0.0
6570,0.0,2,0.0,1.0,262.728,0.0,525.455
6598,0.0,1,1.0,0.0,1280.0,1280.0,0.0
6606,1.0,1,0.0,0.0,0.0,0.0,0.0
6609,1.0,1,0.0,0.0,0.0,0.0,0.0
6640,0.0,1,0.0,1.0,184.312,0.0,184.312
6659,0.0,1,0.0,1.0,240.721,0.0,240.721
6760,1.0,2,0.0,0.0,0.0,0.0,0.0
6796,0.0,1,0.0,1.0,2161.541,0.0,2161.541
6885,0.0,1,0.0,1.0,3891.901,0.0,3891.901
6891,1.0,1,0.0,0.0,0.0,0.0,0.0
6898,1.0,1,0.0,0.0,0.0,0.0,0.0
6902,1.0,1,0.0,0.0,0.0,0.0,0.0
6957,1.0,1,0.0,0.0,0.0,0.0,0.0
6964,1.0,1,1.0,1.0,1303.676,2100.0,796.324
6985,1.0,1,0.0,0.0,0.0,0.0,0.0
6988,1.0,1,0.0,0.0,0.0,0.0,0.0
7095,1.0,1,0.0,0.0,0.0,0.0,0.0
7132,1.0,1,0.0,0.0,0.0,0.0,0.0
7163,1.0,3,0.0,0.0,0.0,0.0,0.0
7169,1.0,1,0.0,0.0,0.0,0.0,0.0
7180,1.0,1,0.0,0.0,0.0,0.0,0.0
7189,1.0,1,0.0,0.0,0.0,0.0,0.0
7190,1.0,1,0.0,0.0,0.0,0.0,0.0
7201,0.0,1,0.0,1.0,81.047,0.0,81.047
7202,1.0,1,0.0,0.0,0.0,0.0,0.0
7224,1.0,1,0.0,0.0,0.0,0.0,0.0
7233,0.0,1,1.0,0.0,2800.0,2800.0,0.0
7241,0.5,2,0.0,0.5,180.285,0.0,360.571
7263,1.0,1,0.0,0.0,0.0,0.0,0.0
7269,1.0,1,1.0,1.0,75.55,1140.0,1215.55
7270,0.0,2,0.5,0.5,3046.04,1120.0,4972.079
7284,1.0,1,0.0,0.0,0.0,0.0,0.0
7307,1.0,1,1.0,1.0,167.572,285.0,117.428
7362,1.0,1,0.0,0.0,0.0,0.0,0.0
7367,0.333,3,0.333,0.333,1647.777,1200.0,3743.331
7387,1.0,1,0.0,0.0,0.0,0.0,0.0
7410,1.0,1,1.0,1.0,26.411,120.0,146.411
7419,1.0,1,0.0,0.0,0.0,0.0,0.0
7422,1.0,1,1.0,1.0,93.155,240.0,333.155
7437,1.0,1,1.0,1.0,201.137,36.0,237.137
7439,1.0,1,0.0,0.0,0.0,0.0,0.0
7455,1.0,1,0.0,0.0,0.0,0.0,0.0
7495,1.0,1,0.0,0.0,0.0,0.0,0.0
7504,1.0,1,0.0,0.0,0.0,0.0,0.0
7507,1.0,1,0.0,0.0,0.0,0.0,0.0
7511,1.0,1,0.0,0.0,0.0,0.0,0.0
7512,1.0,1,0.0,0.0,0.0,0.0,0.0
7525,1.0,2,0.0,0.0,0.0,0.0,0.0
7533,0.0,1,0.0,1.0,70.67,0.0,70.67
7534,1.0,1,0.0,0.0,0.0,0.0,0.0
7546,0.0,1,1.0,0.0,12.0,12.0,0.0
7556,1.0,3,0.0,0.0,0.0,0.0,0.0
7567,0.0,1,0.0,1.0,937.576,0.0,937.576
7573,0.0,1,0.0,1.0,147.319,0.0,147.319
7575,0.0,1,0.0,1.0,3891.901,0.0,3891.901
7580,1.0,1,0.0,0.0,0.0,0.0,0.0
7593,0.0,1,0.0,1.0,1790.583,0.0,1790.583
7596,1.0,1,1.0,1.0,433.238,1800.0,1366.762
7597,1.0,1,0.0,0.0,0.0,0.0,0.0
7625,0.0,1,0.0,1.0,3119.733,0.0,3119.733
7627,1.0,1,0.0,0.0,0.0,0.0,0.0
7654,1.0,1,0.0,0.0,0.0,0.0,0.0
7657,1.0,1,0.0,0.0,0.0,0.0,0.0
7674,1.0,2,0.0,0.0,0.0,0.0,0.0
7683,0.5,2,0.5,1.0,637.442,120.0,1394.884
7688,0.0,1,1.0,0.0,60.0,60.0,0.0
7717,0.0,1,0.0,1.0,146.655,0.0,146.655
7747,1.0,1,0.0,0.0,0.0,0.0,0.0
7754,1.0,1,0.0,0.0,0.0,0.0,0.0
7779,1.0,1,0.0,0.0,0.0,0.0,0.0
7785,1.0,1,0.0,0.0,0.0,0.0,0.0
7791,1.0,1,0.0,0.0,0.0,0.0,0.0
7807,1.0,2,0.5,0.5,583.342,1620.0,453.315
7850,0.0,1,0.0,1.0,141.537,0.0,141.537
7866,1.0,1,0.0,0.0,0.0,0.0,0.0
7875,1.0,1,0.0,0.0,0.0,0.0,0.0
7913,1.0,1,1.0,1.0,11.865,32.0,43.865
7916,1.0,1,1.0,1.0,7.76,40.0,32.24
7917,0.5,2,0.5,1.0,1018.694,4000.0,2851.313
7923,1.0,2,0.0,0.0,0.0,0.0,0.0
7934,1.0,1,0.0,0.0,0.0,0.0,0.0
7960,1.0,1,0.0,0.0,0.0,0.0,0.0
7962,1.0,1,0.0,0.0,0.0,0.0,0.0
7971,1.0,1,0.0,0.0,0.0,0.0,0.0
7978,1.0,1,0.0,0.0,0.0,0.0,0.0
7981,1.0,2,0.5,0.5,50.189,480.0,379.622
8011,1.0,1,0.0,0.0,0.0,0.0,0.0
8018,1.0,1,0.0,0.0,0.0,0.0,0.0
8071,1.0,1,0.0,0.0,0.0,0.0,0.0
8076,1.0,1,0.0,0.0,0.0,0.0,0.0
8115,1.0,1,0.0,0.0,0.0,0.0,0.0
8119,1.0,1,0.0,0.0,0.0,0.0,0.0
8127,1.0,2,0.0,0.0,0.0,0.0,0.0
8168,1.0,1,0.0,0.0,0.0,0.0,0.0
8179,0.0,1,0.0,1.0,248.451,0.0,248.451
8193,1.0,1,0.0,0.0,0.0,0.0,0.0
8240,1.0,1,0.0,0.0,0.0,0.0,0.0
8266,1.0,1,0.0,0.0,0.0,0.0,0.0
8297,1.0,1,0.0,0.0,0.0,0.0,0.0
8310,1.0,1,0.0,0.0,0.0,0.0,0.0
8318,1.0,1,0.0,0.0,0.0,0.0,0.0
8319,1.0,1,0.0,0.0,0.0,0.0,0.0
8339,1.0,1,0.0,0.0,0.0,0.0,0.0
8345,1.0,1,0.0,0.0,0.0,0.0,0.0
8348,1.0,1,0.0,0.0,0.0,0.0,0.0
8369,0.5,2,1.0,0.5,3987.949,9600.0,1624.102
8426,0.0,1,0.0,1.0,501.562,0.0,501.562
8429,1.0,1,0.0,0.0,0.0,0.0,0.0
8436,1.0,1,0.0,0.0,0.0,0.0,0.0
8471,1.0,1,1.0,1.0,243.392,480.0,236.608
8601,1.0,1,0.0,0.0,0.0,0.0,0.0
8627,1.0,1,0.0,0.0,0.0,0.0,0.0
8669,1.0,1,0.0,0.0,0.0,0.0,0.0
8709,1.0,1,0.0,0.0,0.0,0.0,0.0
8722,1.0,1,0.0,0.0,0.0,0.0,0.0
8738,0.0,1,1.0,0.0,120.0,120.0,0.0
8807,1.0,1,0.0,0.0,0.0,0.0,0.0
8864,1.0,1,0.0,0.0,0.0,0.0,0.0
8882,1.0,1,0.0,0.0,0.0,0.0,0.0
8906,0.0,1,1.0,0.0,1520.0,1520.0,0.0
9008,0.0,1,0.0,1.0,2670.806,0.0,2670.806
9022,1.0,2,0.0,0.0,0.0,0.0,0.0
9060,1.0,1,0.0,0.0,0.0,0.0,0.0
9064,1.0,1,0.0,0.0,0.0,0.0,0.0
9065,0.0,1,1.0,0.0,1200.0,1200.0,0.0
9085,1.0,1,1.0,1.0,256.041,3500.0,3243.959
9086,1.0,1,1.0,1.0,37.193,128.0,165.193
9092,1.0,1,0.0,0.0,0.0,0.0,0.0
9124,1.0,1,0.0,0.0,0.0,0.0,0.0
9144,1.0,2,0.5,0.5,150.647,480.0,178.705
9149,1.0,2,0.0,0.0,0.0,0.0,0.0
9169,1.0,1,0.0,0.0,0.0,0.0,0.0
9211,1.0,1,0.0,0.0,0.0,0.0,0.0
9235,1.0,1,1.0,1.0,68.065,64.0,132.065
9241,0.5,2,0.0,0.5,952.795,0.0,1905.59
9244,0.0,1,0.0,1.0,105.447,0.0,105.447
9245,0.0,1,0.0,1.0,265.517,0.0,265.517
9263,1.0,1,0.0,0.0,0.0,0.0,0.0
9873,1.0,1,0.0,0.0,0.0,0.0,0.0
10202,1.0,1,1.0,1.0,1.09,30.0,31.09
10208,1.0,1,0.0,0.0,0.0,0.0,0.0
10211,1.0,3,0.0,0.0,0.0,0.0,0.0
10224,1.0,1,0.0,0.0,0.0,0.0,0.0
10236,1.0,1,0.0,0.0,0.0,0.0,0.0
10251,1.0,1,0.0,0.0,0.0,0.0,0.0
10252,1.0,2,0.0,0.0,0.0,0.0,0.0
10314,1.0,1,0.0,0.0,0.0,0.0,0.0
10316,0.0,1,1.0,0.0,240.0,240.0,0.0
10319,0.5,2,0.0,0.5,175.25,0.0,350.499
10331,1.0,1,1.0,1.0,347.552,600.0,947.552
10361,1.0,1,0.0,0.0,0.0,0.0,0.0
10446,1.0,1,0.0,0.0,0.0,0.0,0.0
10504,1.0,1,0.0,0.0,0.0,0.0,0.0
10625,0.5,2,0.0,0.5,59.649,0.0,119.299
10626,1.0,2,0.5,0.5,270.033,800.0,259.935
10679,1.0,3,0.333,0.333,27.774,960.0,876.677
10687,1.0,1,0.0,0.0,0.0,0.0,0.0
10695,1.0,1,1.0,1.0,66.865,240.0,306.865
10723,1.0,1,0.0,0.0,0.0,0.0,0.0
10814,1.0,1,0.0,0.0,0.0,0.0,0.0
10823,0.5,2,0.0,0.5,180.285,0.0,360.571
10826,0.5,2,0.0,0.5,270.004,0.0,540.008
10875,1.0,1,1.0,1.0,611.531,6400.0,5788.469
10876,1.0,2,0.0,0.0,0.0,0.0,0.0
10906,1.0,2,0.0,0.0,0.0,0.0,0.0
10910,0.0,1,0.0,1.0,240.25,0.0,240.25
10912,1.0,1,0.0,0.0,0.0,0.0,0.0
11574,1.0,1,0.0,0.0,0.0,0.0,0.0
11578,1.0,1,1.0,1.0,250.664,360.0,109.336
11623,1.0,2,0.0,0.0,0.0,0.0,0.0
11632,1.0,1,0.0,0.0,0.0,0.0,0.0
11636,1.0,1,0.0,0.0,0.0,0.0,0.0
11637,1.0,1,1.0,1.0,31.314,32.0,63.314
11640,1.0,1,1.0,1.0,1093.79,2400.0,1306.21
11641,0.0,1,0.0,1.0,123.05,0.0,123.05
11644,1.0,1,0.0,0.0,0.0,0.0,0.0
11660,1.0,1,0.0,0.0,0.0,0.0,0.0
11694,1.0,1,0.0,0.0,0.0,0.0,0.0
11704,1.0,1,0.0,0.0,0.0,0.0,0.0
11732,1.0,1,1.0,1.0,48.313,160.0,208.313
11746,0.0,1,1.0,0.0,800.0,800.0,0.0
11790,0.5,2,0.0,0.5,49.299,0.0,98.598
11836,0.0,1,0.0,1.0,661.06,0.0,661.06
11866,0.5,2,0.0,0.5,14.313,0.0,28.626
11875,1.0,1,0.0,0.0,0.0,0.0,0.0
11923,1.0,1,0.0,0.0,0.0,0.0,0.0
11931,1.0,1,0.0,0.0,0.0,0.0,0.0
11942,1.0,1,0.0,0.0,0.0,0.0,0.0
11943,1.0,1,0.0,0.0,0.0,0.0,0.0
11952,1.0,2,0.5,0.5,250.752,900.0,398.496
11960,1.0,1,1.0,1.0,595.588,160.0,755.588
11964,1.0,2,0.5,0.5,759.866,1600.0,3119.733
11995,1.0,1,0.0,0.0,0.0,0.0,0.0
11996,1.0,1,0.0,0.0,0.0,0.0,0.0
12029,0.0,1,1.0,0.0,1200.0,1200.0,0.0
12043,1.0,1,0.0,0.0,0.0,0.0,0.0
12044,1.0,1,0.0,0.0,0.0,0.0,0.0
12050,1.0,1,1.0,1.0,8.342,4.0,12.342
12057,1.0,1,1.0,1.0,294.088,150.0,444.088
12085,0.5,2,0.0,0.5,198.887,0.0,397.774
12105,1.0,1,0.0,0.0,0.0,0.0,0.0
12147,1.0,1,1.0,1.0,993.765,1500.0,506.235
12152,1.0,1,0.0,0.0,0.0,0.0,0.0
12153,0.0,1,1.0,0.0,480.0,480.0,0.0
12154,1.0,1,0.0,0.0,0.0,0.0,0.0
12158,0.0,1,0.0,1.0,98.791,0.0,98.791
12175,1.0,1,0.0,0.0,0.0,0.0,0.0
12188,1.0,2,0.5,0.5,896.054,4000.0,2207.893
12194,1.0,1,0.0,0.0,0.0,0.0,0.0
12209,1.0,2,0.0,0.0,0.0,0.0,0.0
12212,0.0,1,0.0,1.0,6150.945,0.0,6150.945
12234,1.0,1,0.0,0.0,0.0,0.0,0.0
12239,1.0,1,0.0,0.0,0.0,0.0,0.0
12247,1.0,1,0.0,0.0,0.0,0.0,0.0
12274,1.0,1,0.0,0.0,0.0,0.0,0.0
12316,1.0,1,0.0,0.0,0.0,0.0,0.0
12318,0.0,1,0.0,1.0,105.447,0.0,105.447
12335,0.0,1,0.0,1.0,308.848,0.0,308.848
12366,1.0,1,0.0,0.0,0.0,0.0,0.0
12367,0.0,1,0.0,1.0,31.09,0.0,31.09
12372,1.0,1,0.0,0.0,0.0,0.0,0.0
12378,1.0,2,0.5,0.5,121.603,800.0,1043.207
12385,1.0,1,1.0,1.0,64.787,120.0,184.787
12389,0.0,1,0.0,1.0,153.305,0.0,153.305
12407,1.0,1,0.0,0.0,0.0,0.0,0.0
12408,1.0,2,0.0,0.0,0.0,0.0,0.0
12416,0.0,1,1.0,0.0,1600.0,1600.0,0.0
12421,0.0,1,0.0,1.0,91.384,0.0,91.384
12424,1.0,1,1.0,1.0,69.693,120.0,189.693
12426,1.0,1,0.0,0.0,0.0,0.0,0.0
12432,1.0,1,0.0,0.0,0.0,0.0,0.0
12440,1.0,1,0.0,0.0,0.0,0.0,0.0
12446,1.0,1,0.0,0.0,0.0,0.0,0.0
12449,1.0,1,0.0,0.0,0.0,0.0,0.0
12454,1.0,1,0.0,0.0,0.0,0.0,0.0
12456,0.0,1,0.0,1.0,347.532,0.0,347.532
12468,0.0,1,0.0,1.0,306.253,0.0,306.253
12474,1.0,1,0.0,0.0,0.0,0.0,0.0
12478,1.0,3,0.333,0.333,72.37,384.0,166.891
12479,1.0,2,0.5,0.5,39.933,96.0,175.866
12481,0.0,1,1.0,0.0,150.0,150.0,0.0
12496,0.0,2,0.5,0.5,1028.795,152.0,1905.59
12537,1.0,1,1.0,1.0,113.142,2600.0,2713.142
12545,1.0,2,0.5,0.5,456.589,1600.0,2513.179
12583,1.0,1,1.0,1.0,369.106,480.0,849.106
12593,1.0,1,0.0,0.0,0.0,0.0,0.0
12596,0.0,1,1.0,0.0,750.0,750.0,0.0
12611,1.0,2,0.0,0.0,0.0,0.0,0.0
12629,1.0,2,0.5,0.5,21.604,120.0,76.792
12638,1.0,1,1.0,1.0,3316.561,4200.0,883.439
12649,1.0,1,0.0,0.0,0.0,0.0,0.0
12651,1.0,1,0.0,0.0,0.0,0.0,0.0
12663,0.0,1,0.0,1.0,270.362,0.0,270.362
12666,0.0,1,0.0,1.0,1434.862,0.0,1434.862
12668,1.0,1,0.0,0.0,0.0,0.0,0.0
12678,1.0,1,0.0,0.0,0.0,0.0,0.0
12688,1.0,2,0.0,0.0,0.0,0.0,0.0
12692,0.0,1,0.0,1.0,229.735,0.0,229.735
12701,1.0,2,0.0,0.0,0.0,0.0,0.0
12703,1.0,1,0.0,0.0,0.0,0.0,0.0
12704,0.667,3,0.333,0.667,15.681,160.0,140.431
12720,0.5,2,1.0,0.5,13.027,168.0,178.055
12722,0.0,1,0.0,1.0,72.683,0.0,72.683
12725,1.0,1,0.0,0.0,0.0,0.0,0.0
12726,1.0,2,0.0,0.0,0.0,0.0,0.0
12740,0.5,2,0.0,0.5,244.734,0.0,489.469
12741,1.0,1,0.0,0.0,0.0,0.0,0.0
12742,1.0,1,0.0,0.0,0.0,0.0,0.0
12751,1.0,1,0.0,0.0,0.0,0.0,0.0
12752,1.0,1,0.0,0.0,0.0,0.0,0.0
12755,1.0,2,0.0,0.0,0.0,0.0,0.0
12758,0.0,1,0.0,1.0,2979.016,0.0,2979.016
12774,0.5,2,0.0,0.5,369.248,0.0,738.497
12777,1.0,1,0.0,0.0,0.0,0.0,0.0
12778,1.0,1,1.0,1.0,21.279,40.0,61.279
12780,1.0,1,1.0,1.0,41.757,120.0,78.243
12784,1.0,1,0.0,0.0,0.0,0.0,0.0
12785,0.333,3,0.333,0.333,131.418,240.0,154.253
12790,1.0,1,0.0,0.0,0.0,0.0,0.0
12791,1.0,1,1.0,1.0,306.756,720.0,413.244
12807,1.0,1,1.0,1.0,222.063,380.0,157.937
12822,1.0,2,0.0,0.0,0.0,0.0,0.0
12838,0.0,1,0.0,1.0,100.32,0.0,100.32
12840,1.0,1,0.0,0.0,0.0,0.0,0.0
12843,1.0,1,0.0,0.0,0.0,0.0,0.0
12849,1.0,1,0.0,0.0,0.0,0.0,0.0
12859,1.0,1,0.0,0.0,0.0,0.0,0.0
12895,1.0,1,0.0,0.0,0.0,0.0,0.0
12899,1.0,2,0.0,0.0,0.0,0.0,0.0
12902,1.0,3,0.0,0.0,0.0,0.0,0.0
12904,1.0,2,0.0,0.0,0.0,0.0,0.0
12920,1.0,1,1.0,1.0,323.13,1240.0,916.87
12935,1.0,1,0.0,0.0,0.0,0.0,0.0
12947,1.0,1,0.0,0.0,0.0,0.0,0.0
12957,1.0,1,1.0,1.0,110.966,240.0,350.966
12962,1.0,1,0.0,0.0,0.0,0.0,0.0
12970,1.0,1,0.0,0.0,0.0,0.0,0.0
12974,1.0,3,0.0,0.0,0.0,0.0,0.0
12994,1.0,1,0.0,0.0,0.0,0.0,0.0
13501,1.0,1,0.0,0.0,0.0,0.0,0.0
13502,1.0,2,0.0,0.0,0.0,0.0,0.0
13511,1.0,1,1.0,1.0,27.767,16.0,43.767
13545,1.0,1,0.0,0.0,0.0,0.0,0.0
13548,1.0,1,0.0,0.0,0.0,0.0,0.0
13552,1.0,1,0.0,0.0,0.0,0.0,0.0
13554,0.5,2,0.5,0.0,100.0,200.0,0.0
13605,1.0,1,0.0,0.0,0.0,0.0,0.0
13620,0.667,3,0.0,0.333,262.819,0.0,788.457
13644,0.0,1,0.0,1.0,2855.052,0.0,2855.052
13669,1.0,1,0.0,0.0,0.0,0.0,0.0
13679,1.0,1,0.0,0.0,0.0,0.0,0.0
13735,1.0,1,0.0,0.0,0.0,0.0,0.0
13742,1.0,1,0.0,0.0,0.0,0.0,0.0
13826,1.0,1,0.0,0.0,0.0,0.0,0.0
13849,0.0,1,0.0,1.0,621.324,0.0,621.324
13857,0.0,2,0.5,0.5,34.302,40.0,28.605
13862,0.0,1,0.0,1.0,1195.646,0.0,1195.646
13866,1.0,1,1.0,1.0,33.689,48.0,81.689
13870,1.0,3,0.0,0.0,0.0,0.0,0.0
13897,1.0,1,1.0,1.0,1661.503,2400.0,738.497
13914,1.0,1,0.0,0.0,0.0,0.0,0.0
13915,1.0,1,0.0,0.0,0.0,0.0,0.0
13919,1.0,1,0.0,0.0,0.0,0.0,0.0
13937,1.0,1,1.0,1.0,694.717,480.0,1174.717
13946,1.0,1,0.0,0.0,0.0,0.0,0.0
13953,0.0,1,0.0,1.0,213.638,0.0,213.638
13956,1.0,2,0.0,0.0,0.0,0.0,0.0
14012,0.0,1,0.0,1.0,19.443,0.0,19.443
14500,1.0,1,0.0,0.0,0.0,0.0,0.0
14516,1.0,1,0.0,0.0,0.0,0.0,0.0
14555,1.0,2,0.0,0.0,0.0,0.0,0.0
14610,1.0,1,0.0,0.0,0.0,0.0,0.0
14694,0.0,1,0.0,1.0,350.966,0.0,350.966
14703,1.0,1,1.0,1.0,108.381,160.0,51.619
14706,1.0,1,0.0,0.0,0.0,0.0,0.0
14713,1.0,1,1.0,1.0,73.769,72.0,145.769
14732,1.0,1,0.0,0.0,0.0,0.0,0.0
14749,1.0,1,0.0,0.0,0.0,0.0,0.0
14766,1.0,1,1.0,1.0,181.422,360.0,178.578
14770,1.0,1,0.0,0.0,0.0,0.0,0.0
14774,1.0,1,1.0,1.0,223.441,380.0,156.559
14777,1.0,1,0.0,0.0,0.0,0.0,0.0
14789,0.0,1,0.0,1.0,251.868,0.0,251.868
14929,1.0,1,0.0,0.0,0.0,0.0,0.0
14930,1.0,1,1.0,1.0,490.59,1200.0,709.41
14934,1.0,1,1.0,1.0,121.505,48.0,169.505
14947,1.0,1,0.0,0.0,0.0,0.0,0.0
14949,1.0,1,0.0,0.0,0.0,0.0,0.0
14960,1.0,1,0.0,0.0,0.0,0.0,0.0
14961,1.0,1,0.0,0.0,0.0,0.0,0.0
14962,1.0,1,0.0,0.0,0.0,0.0,0.0
14988,1.0,1,0.0,0.0,0.0,0.0,0.0
14992,1.0,1,0.0,0.0,0.0,0.0,0.0
16004,0.0,1,0.0,1.0,1922.627,0.0,1922.627
16007,1.0,2,0.5,0.5,40.615,240.0,321.231
16026,1.0,1,0.0,0.0,0.0,0.0,0.0
16027,1.0,1,0.0,0.0,0.0,0.0,0.0
16037,1.0,1,0.0,0.0,0.0,0.0,0.0
16053,1.0,1,1.0,1.0,351.786,480.0,128.214
16060,1.0,1,0.0,0.0,0.0,0.0,0.0
16090,1.0,2,0.0,0.0,0.0,0.0,0.0
16106,1.0,2,0.0,0.0,0.0,0.0,0.0
16129,1.0,2,0.0,0.0,0.0,0.0,0.0
16130,1.0,1,0.0,0.0,0.0,0.0,0.0
16131,1.0,1,0.0,0.0,0.0,0.0,0.0
16141,1.0,1,0.0,0.0,0.0,0.0,0.0
16142,1.0,1,0.0,0.0,0.0,0.0,0.0
16164,0.667,3,0.667,1.0,66.386,24.0,223.157
16167,0.0,1,0.0,1.0,387.95,0.0,387.95
16169,1.0,1,0.0,0.0,0.0,0.0,0.0
16174,1.0,2,0.0,0.0,0.0,0.0,0.0
16195,1.0,1,0.0,0.0,0.0,0.0,0.0
16202,1.0,1,0.0,0.0,0.0,0.0,0.0
16205,1.0,1,0.0,0.0,0.0,0.0,0.0
16208,1.0,2,1.0,1.0,110.495,416.0,198.8
16222,0.0,2,1.0,0.0,4000.0,8000.0,0.0
16232,1.0,1,0.0,0.0,0.0,0.0,0.0
16233,0.5,2,0.0,0.5,41.754,0.0,83.508
16265,1.0,1,0.0,0.0,0.0,0.0,0.0
16274,1.0,1,0.0,0.0,0.0,0.0,0.0
16293,1.0,1,0.0,0.0,0.0,0.0,0.0
16295,0.5,2,0.5,0.0,2375.0,4750.0,0.0
16313,1.0,1,1.0,1.0,14.493,192.0,177.507
16341,1.0,2,0.5,0.5,76.179,480.0,632.358
16350,1.0,1,0.0,0.0,0.0,0.0,0.0
16353,1.0,2,1.0,1.0,379.76,1260.0,650.579
16354,1.0,1,1.0,1.0,177.205,120.0,297.205
16355,1.0,1,0.0,0.0,0.0,0.0,0.0
16361,1.0,1,0.0,0.0,0.0,0.0,0.0
16366,0.0,1,0.0,1.0,38.11,0.0,38.11
16367,1.0,1,0.0,0.0,0.0,0.0,0.0
16372,0.0,2,0.5,0.5,11894.538,23100.0,689.077
16373,1.0,1,0.0,0.0,0.0,0.0,0.0
16375,0.0,1,0.0,1.0,1108.107,0.0,1108.107
16376,0.0,1,1.0,0.0,1140.0,1140.0,0.0
16381,1.0,2,0.5,0.5,72.93,128.0,273.86
16441,0.5,2,0.0,0.5,26.477,0.0,52.953
16445,1.0,1,0.0,0.0,0.0,0.0,0.0
16451,1.0,1,1.0,1.0,472.284,3500.0,3027.716
16464,0.5,2,0.5,1.0,91.021,60.0,242.041
16469,1.0,1,0.0,0.0,0.0,0.0,0.0
16491,1.0,1,0.0,0.0,0.0,0.0,0.0
16516,1.0,1,0.0,0.0,0.0,0.0,0.0
16535,1.0,1,0.0,0.0,0.0,0.0,0.0
16549,1.0,1,0.0,0.0,0.0,0.0,0.0
16557,1.0,1,0.0,0.0,0.0,0.0,0.0
16565,1.0,2,0.0,0.0,0.0,0.0,0.0
16615,0.0,1,1.0,0.0,120.0,120.0,0.0
16655,1.0,2,0.0,0.0,0.0,0.0,0.0
16670,1.0,1,0.0,0.0,0.0,0.0,0.0
16680,1.0,1,1.0,1.0,67.308,60.0,127.308
16703,1.0,1,0.0,0.0,0.0,0.0,0.0
16718,1.0,1,0.0,0.0,0.0,0.0,0.0
16727,1.0,1,0.0,0.0,0.0,0.0,0.0
16742,1.0,1,0.0,0.0,0.0,0.0,0.0
16745,1.0,1,1.0,1.0,27.672,20.0,47.672
16763,1.0,1,0.0,0.0,0.0,0.0,0.0
16791,1.0,1,0.0,0.0,0.0,0.0,0.0
16796,0.0,1,1.0,0.0,240.0,240.0,0.0
16825,1.0,2,0.5,0.5,213.908,600.0,172.184
16847,1.0,2,0.0,0.0,0.0,0.0,0.0
16987,1.0,1,1.0,1.0,78.707,60.0,138.707
